v 31.5 0 2.85
v 31.5 1 2.85
v 32.5 0 2.85
v 32.5 1 2.85
v 32.55 0 2.9
v 32.55 1 2.9
v 32.65 0 2.9
v 32.65 1 2.9
v 32.7 0 2.95
v 32.7 1 2.95
v 33.2 0 2.95
v 33.2 1 2.95
v 33.25 0 3
v 33.25 1 3
v 33.3 0 3
v 33.3 1 3
v 33.75 0 3.45
v 33.75 1 3.45
v 33.75 0 3.5
v 33.75 1 3.5
v 33.9 0 3.65
v 33.9 1 3.65
v 33.9 0 3.7
v 33.9 1 3.7
v 33.95 0 3.75
v 33.95 1 3.75
v 33.95 0 3.8
v 33.95 1 3.8
v 34.15 0 4
v 34.15 1 4
v 34.15 0 4.05
v 34.15 1 4.05
v 34.2 0 4.1
v 34.2 1 4.1
v 34.25 0 4.1
v 34.25 1 4.1
v 34.4 0 4.25
v 34.4 1 4.25
v 34.4 0 4.3
v 34.4 1 4.3
v 34.5 0 4.4
v 34.5 1 4.4
v 34.5 0 4.45
v 34.5 1 4.45
v 34.55 0 4.45
v 34.55 1 4.45
v 34.6 0 4.5
v 34.6 1 4.5
v 34.65 0 4.5
v 34.65 1 4.5
v 34.7 0 4.55
v 34.7 1 4.55
v 34.75 0 4.55
v 34.75 1 4.55
v 34.8 0 4.6
v 34.8 1 4.6
v 34.8 0 4.65
v 34.8 1 4.65
v 34.95 0 4.8
v 34.95 1 4.8
v 34.95 0 4.85
v 34.95 1 4.85
v 35 0 4.9
v 35 1 4.9
v 35 0 4.95
v 35 1 4.95
v 35.05 0 5
v 35.05 1 5
v 35.1 0 5
v 35.1 1 5
v 35.15 0 5.05
v 35.15 1 5.05
v 35.15 0 5.1
v 35.15 1 5.1
v 35.2 0 5.1
v 35.2 1 5.1
v 35.4 0 5.3
v 35.4 1 5.3
v 35.4 0 5.4
v 35.4 1 5.4
v 35.45 0 5.45
v 35.45 1 5.45
v 35.45 0 5.5
v 35.45 1 5.5
v 35.55 0 5.5
v 35.55 1 5.5
v 35.6 0 5.55
v 35.6 1 5.55
v 35.6 0 5.6
v 35.6 1 5.6
v 35.75 0 5.75
v 35.75 1 5.75
v 35.75 0 5.8
v 35.75 1 5.8
v 35.8 0 5.85
v 35.8 1 5.85
v 35.8 0 5.9
v 35.8 1 5.9
v 35.85 0 5.95
v 35.85 1 5.95
v 35.85 0 6.05
v 35.85 1 6.05
v 35.9 0 6.1
v 35.9 1 6.1
v 35.9 0 6.15
v 35.9 1 6.15
v 35.95 0 6.2
v 35.95 1 6.2
v 35.95 0 6.3
v 35.95 1 6.3
v 36 0 6.35
v 36 1 6.35
v 35.95 0 6.3
v 35.95 1 6.3
v 36 0 6.25
v 36 1 6.25
v 36.05 0 6.25
v 36.05 1 6.25
v 36.1 0 6.3
v 36.1 1 6.3
v 36.1 0 6.5
v 36.1 1 6.5
v 36.15 0 6.55
v 36.15 1 6.55
v 36.15 0 6.85
v 36.15 1 6.85
v 36.2 0 6.9
v 36.2 1 6.9
v 36.2 0 7.05
v 36.2 1 7.05
v 36.25 0 7.1
v 36.25 1 7.1
v 36.2 0 7.15
v 36.2 1 7.15
v 36.2 0 7.2
v 36.2 1 7.2
v 36.25 0 7.25
v 36.25 1 7.25
v 36.25 0 7.5
v 36.25 1 7.5
v 36.3 0 7.55
v 36.3 1 7.55
v 36.3 0 7.65
v 36.3 1 7.65
v 36.35 0 7.7
v 36.35 1 7.7
v 36.35 0 7.8
v 36.35 1 7.8
v 36.55 0 8
v 36.55 1 8
v 36.55 0 8.05
v 36.55 1 8.05
v 36.65 0 8.150001
v 36.65 1 8.150001
v 36.65 0 8.3
v 36.65 1 8.3
v 36.7 0 8.35
v 36.7 1 8.35
v 36.7 0 8.5
v 36.7 1 8.5
v 36.75 0 8.55
v 36.75 1 8.55
v 36.75 0 8.7
v 36.75 1 8.7
v 36.8 0 8.75
v 36.8 1 8.75
v 36.8 0 8.8
v 36.8 1 8.8
v 36.9 0 8.900001
v 36.9 1 8.900001
v 36.9 0 8.95
v 36.9 1 8.95
v 37 0 9.05
v 37 1 9.05
v 37 0 9.1
v 37 1 9.1
v 37.25 0 9.35
v 37.25 1 9.35
v 37.25 0 9.400001
v 37.25 1 9.400001
v 37.3 0 9.45
v 37.3 1 9.45
v 37.3 0 9.5
v 37.3 1 9.5
v 37.4 0 9.6
v 37.4 1 9.6
v 37.4 0 9.650001
v 37.4 1 9.650001
v 37.45 0 9.7
v 37.45 1 9.7
v 37.45 0 9.75
v 37.45 1 9.75
v 37.5 0 9.8
v 37.5 1 9.8
v 37.5 0 9.85
v 37.5 1 9.85
v 37.55 0 9.900001
v 37.55 1 9.900001
v 37.55 0 10
v 37.55 1 10
v 37.65 0 10.1
v 37.65 1 10.1
v 37.65 0 10.35
v 37.65 1 10.35
v 37.7 0 10.4
v 37.7 1 10.4
v 37.7 0 10.45
v 37.7 1 10.45
v 37.75 0 10.5
v 37.75 1 10.5
v 37.75 0 10.65
v 37.75 1 10.65
v 37.8 0 10.7
v 37.8 1 10.7
v 37.8 0 10.8
v 37.8 1 10.8
v 37.85 0 10.85
v 37.85 1 10.85
v 37.85 0 10.9
v 37.85 1 10.9
v 37.9 0 10.95
v 37.9 1 10.95
v 37.9 0 11
v 37.9 1 11
v 37.95 0 11.05
v 37.95 1 11.05
v 37.95 0 11.1
v 37.95 1 11.1
v 38 0 11.15
v 38 1 11.15
v 38 0 11.3
v 38 1 11.3
v 38.05 0 11.35
v 38.05 1 11.35
v 38.05 0 12.45
v 38.05 1 12.45
v 38.1 0 12.5
v 38.1 1 12.5
v 38.1 0 12.65
v 38.1 1 12.65
v 38.15 0 12.7
v 38.15 1 12.7
v 38.15 0 13.3
v 38.15 1 13.3
v 38.2 0 13.35
v 38.2 1 13.35
v 38.2 0 13.65
v 38.2 1 13.65
v 38.25 0 13.7
v 38.25 1 13.7
v 38.25 0 14.3
v 38.25 1 14.3
v 38.3 0 14.35
v 38.3 1 14.35
v 38.3 0 15.1
v 38.3 1 15.1
v 38.35 0 15.15
v 38.35 1 15.15
v 38.35 0 15.3
v 38.35 1 15.3
v 38.3 0 15.35
v 38.3 1 15.35
v 38.3 0 15.9
v 38.3 1 15.9
v 38.25 0 15.95
v 38.25 1 15.95
v 38.25 0 16.1
v 38.25 1 16.1
v 38.2 0 16.15
v 38.2 1 16.15
v 38.2 0 16.45
v 38.2 1 16.45
v 38.15 0 16.5
v 38.15 1 16.5
v 38.15 0 16.8
v 38.15 1 16.8
v 38.1 0 16.85
v 38.1 1 16.85
v 38.1 0 17
v 38.1 1 17
v 38.05 0 17.05
v 38.05 1 17.05
v 38.05 0 17.3
v 38.05 1 17.3
v 38 0 17.35
v 38 1 17.35
v 38 0 17.4
v 38 1 17.4
v 37.95 0 17.45
v 37.95 1 17.45
v 37.95 0 17.65
v 37.95 1 17.65
v 37.9 0 17.7
v 37.9 1 17.7
v 37.9 0 17.95
v 37.9 1 17.95
v 37.85 0 18
v 37.85 1 18
v 37.85 0 18.1
v 37.85 1 18.1
v 37.8 0 18.15
v 37.8 1 18.15
v 37.8 0 18.25
v 37.8 1 18.25
v 37.75 0 18.3
v 37.75 1 18.3
v 37.75 0 18.4
v 37.75 1 18.4
v 37.7 0 18.45
v 37.7 1 18.45
v 37.7 0 18.5
v 37.7 1 18.5
v 37.65 0 18.55
v 37.65 1 18.55
v 37.65 0 18.8
v 37.65 1 18.8
v 37.6 0 18.85
v 37.6 1 18.85
v 37.6 0 19.05
v 37.6 1 19.05
v 37.55 0 19.1
v 37.55 1 19.1
v 37.55 0 19.75
v 37.55 1 19.75
v 37.5 0 19.8
v 37.5 1 19.8
v 37.5 0 20.4
v 37.5 1 20.4
v 37.45 0 20.45
v 37.45 1 20.45
v 37.45 0 20.8
v 37.45 1 20.8
v 37.4 0 20.85
v 37.4 1 20.85
v 37.4 0 21.25
v 37.4 1 21.25
v 37.35 0 21.3
v 37.35 1 21.3
v 37.35 0 21.55
v 37.35 1 21.55
v 37.3 0 21.6
v 37.3 1 21.6
v 37.3 0 21.85
v 37.3 1 21.85
v 37.25 0 21.9
v 37.25 1 21.9
v 37.25 0 21.95
v 37.25 1 21.95
v 37.2 0 22
v 37.2 1 22
v 37.2 0 22.25
v 37.2 1 22.25
v 37.15 0 22.3
v 37.15 1 22.3
v 37.15 0 23.45
v 37.15 1 23.45
v 37.2 0 23.5
v 37.2 1 23.5
v 37.2 0 24
v 37.2 1 24
v 37.15 0 24.05
v 37.15 1 24.05
v 37.15 0 24.1
v 37.15 1 24.1
v 37.1 0 24.15
v 37.1 1 24.15
v 37.1 0 24.25
v 37.1 1 24.25
v 37.05 0 24.3
v 37.05 1 24.3
v 37.05 0 24.4
v 37.05 1 24.4
v 37 0 24.45
v 37 1 24.45
v 37 0 24.5
v 37 1 24.5
v 36.75 0 24.75
v 36.75 1 24.75
v 36.75 0 24.8
v 36.75 1 24.8
v 36.7 0 24.85
v 36.7 1 24.85
v 36.65 0 24.85
v 36.65 1 24.85
v 36.65 0 24.95
v 36.65 1 24.95
v 36.55 0 25.05
v 36.55 1 25.05
v 36.55 0 25.1
v 36.55 1 25.1
v 36.5 0 25.15
v 36.5 1 25.15
v 36.5 0 25.2
v 36.5 1 25.2
v 36.45 0 25.25
v 36.45 1 25.25
v 36.45 0 25.3
v 36.45 1 25.3
v 36.35 0 25.4
v 36.35 1 25.4
v 36.35 0 25.45
v 36.35 1 25.45
v 36.3 0 25.5
v 36.3 1 25.5
v 36.3 0 25.55
v 36.3 1 25.55
v 36.25 0 25.6
v 36.25 1 25.6
v 36.25 0 25.7
v 36.25 1 25.7
v 36.2 0 25.75
v 36.2 1 25.75
v 36.2 0 25.9
v 36.2 1 25.9
v 36.15 0 25.95
v 36.15 1 25.95
v 36.15 0 26
v 36.15 1 26
v 36.1 0 26.05
v 36.1 1 26.05
v 36.05 0 26.05
v 36.05 1 26.05
v 36.05 0 26.1
v 36.05 1 26.1
v 36 0 26.15
v 36 1 26.15
v 36 0 26.2
v 36 1 26.2
v 35.95 0 26.25
v 35.95 1 26.25
v 35.95 0 26.35
v 35.95 1 26.35
v 35.9 0 26.4
v 35.9 1 26.4
v 35.9 0 26.45
v 35.9 1 26.45
v 35.8 0 26.55
v 35.8 1 26.55
v 35.8 0 26.6
v 35.8 1 26.6
v 35.75 0 26.65
v 35.75 1 26.65
v 35.75 0 26.75
v 35.75 1 26.75
v 35.7 0 26.8
v 35.7 1 26.8
v 35.7 0 26.85
v 35.7 1 26.85
v 35.6 0 26.95
v 35.6 1 26.95
v 35.6 0 27
v 35.6 1 27
v 35.5 0 27.1
v 35.5 1 27.1
v 35.5 0 27.2
v 35.5 1 27.2
v 35.4 0 27.3
v 35.4 1 27.3
v 35.4 0 27.35
v 35.4 1 27.35
v 35.35 0 27.4
v 35.35 1 27.4
v 35.35 0 27.45
v 35.35 1 27.45
v 35.3 0 27.5
v 35.3 1 27.5
v 35.3 0 27.6
v 35.3 1 27.6
v 35.25 0 27.65
v 35.25 1 27.65
v 35.25 0 27.7
v 35.25 1 27.7
v 35.2 0 27.75
v 35.2 1 27.75
v 35.2 0 27.8
v 35.2 1 27.8
v 35.05 0 27.95
v 35.05 1 27.95
v 35.05 0 28
v 35.05 1 28
v 34.95 0 28.1
v 34.95 1 28.1
v 34.95 0 28.15
v 34.95 1 28.15
v 34.9 0 28.2
v 34.9 1 28.2
v 34.9 0 28.25
v 34.9 1 28.25
v 34.85 0 28.3
v 34.85 1 28.3
v 34.85 0 28.45
v 34.85 1 28.45
v 34.8 0 28.5
v 34.8 1 28.5
v 34.8 0 28.55
v 34.8 1 28.55
v 34.75 0 28.6
v 34.75 1 28.6
v 34.75 0 28.65
v 34.75 1 28.65
v 34.7 0 28.7
v 34.7 1 28.7
v 34.7 0 28.75
v 34.7 1 28.75
v 34.65 0 28.8
v 34.65 1 28.8
v 34.65 0 28.9
v 34.65 1 28.9
v 34.55 0 29
v 34.55 1 29
v 34.6 0 29.05
v 34.6 1 29.05
v 34.5 0 29.15
v 34.5 1 29.15
v 34.5 0 29.2
v 34.5 1 29.2
v 34.45 0 29.25
v 34.45 1 29.25
v 34.45 0 29.35
v 34.45 1 29.35
v 34.4 0 29.4
v 34.4 1 29.4
v 34.4 0 29.5
v 34.4 1 29.5
v 34.35 0 29.55
v 34.35 1 29.55
v 34.35 0 29.9
v 34.35 1 29.9
v 34.3 0 29.95
v 34.3 1 29.95
v 34.3 0 30
v 34.3 1 30
v 34.35 0 30.05
v 34.35 1 30.05
v 34.3 0 30.1
v 34.3 1 30.1
v 34.3 0 30.35
v 34.3 1 30.35
v 34.25 0 30.4
v 34.25 1 30.4
v 34.25 0 30.7
v 34.25 1 30.7
v 34.2 0 30.75
v 34.2 1 30.75
v 34.2 0 30.8
v 34.2 1 30.8
v 34.25 0 30.85
v 34.25 1 30.85
v 34.25 0 31.15
v 34.25 1 31.15
v 34.3 0 31.2
v 34.3 1 31.2
v 34.3 0 31.7
v 34.3 1 31.7
v 34.25 0 31.75
v 34.25 1 31.75
v 34.25 0 31.9
v 34.25 1 31.9
v 34.3 0 31.95
v 34.3 1 31.95
v 34.3 0 32
v 34.3 1 32
v 34.35 0 32.05
v 34.35 1 32.05
v 34.35 0 32.1
v 34.35 1 32.1
v 34.4 0 32.1
v 34.4 1 32.1
v 34.45 0 32.15
v 34.45 1 32.15
v 34.45 0 32.2
v 34.45 1 32.2
v 34.5 0 32.25
v 34.5 1 32.25
v 34.5 0 32.3
v 34.5 1 32.3
v 34.55 0 32.3
v 34.55 1 32.3
v 34.65 0 32.4
v 34.65 1 32.4
v 34.65 0 32.5
v 34.65 1 32.5
v 34.7 0 32.5
v 34.7 1 32.5
v 34.8 0 32.6
v 34.8 1 32.6
v 34.8 0 32.65
v 34.8 1 32.65
v 34.85 0 32.7
v 34.85 1 32.7
v 34.85 0 33
v 34.85 1 33
v 34.8 0 33.05
v 34.8 1 33.05
v 34.8 0 33.15
v 34.8 1 33.15
v 34.75 0 33.2
v 34.75 1 33.2
v 34.75 0 33.35
v 34.75 1 33.35
v 34.7 0 33.4
v 34.7 1 33.4
v 34.7 0 33.45
v 34.7 1 33.45
v 34.65 0 33.5
v 34.65 1 33.5
v 34.65 0 33.6
v 34.65 1 33.6
v 34.5 0 33.75
v 34.5 1 33.75
v 34.5 0 33.8
v 34.5 1 33.8
v 34.25 0 34.05
v 34.25 1 34.05
v 34.25 0 34.1
v 34.25 1 34.1
v 34.1 0 34.25
v 34.1 1 34.25
v 34.1 0 34.3
v 34.1 1 34.3
v 34 0 34.4
v 34 1 34.4
v 34 0 34.45
v 34 1 34.45
v 33.95 0 34.5
v 33.95 1 34.5
v 33.95 0 34.55
v 33.95 1 34.55
v 33.9 0 34.6
v 33.9 1 34.6
v 33.9 0 34.65
v 33.9 1 34.65
v 33.85 0 34.7
v 33.85 1 34.7
v 33.85 0 34.75
v 33.85 1 34.75
v 33.8 0 34.8
v 33.8 1 34.8
v 33.8 0 34.85
v 33.8 1 34.85
v 33.55 0 35.1
v 33.55 1 35.1
v 33.55 0 35.15
v 33.55 1 35.15
v 33.5 0 35.2
v 33.5 1 35.2
v 33.5 0 35.25
v 33.5 1 35.25
v 33.4 0 35.35
v 33.4 1 35.35
v 33.4 0 35.45
v 33.4 1 35.45
v 33.35 0 35.5
v 33.35 1 35.5
v 33.35 0 35.55
v 33.35 1 35.55
v 33.3 0 35.6
v 33.3 1 35.6
v 33.3 0 35.65
v 33.3 1 35.65
v 33.25 0 35.7
v 33.25 1 35.7
v 33.25 0 35.75
v 33.25 1 35.75
v 33.1 0 35.9
v 33.1 1 35.9
v 33.05 0 35.9
v 33.05 1 35.9
v 32.85 0 36.1
v 32.85 1 36.1
v 32.8 0 36.1
v 32.8 1 36.1
v 32.75 0 36.15
v 32.75 1 36.15
v 32.75 0 36.2
v 32.75 1 36.2
v 32.7 0 36.25
v 32.7 1 36.25
v 32.65 0 36.25
v 32.65 1 36.25
v 31.8 0 37.1
v 31.8 1 37.1
v 31.8 0 37.15
v 31.8 1 37.15
v 31.75 0 37.2
v 31.75 1 37.2
v 31.75 0 37.25
v 31.75 1 37.25
v 31.65 0 37.35
v 31.65 1 37.35
v 31.6 0 37.35
v 31.6 1 37.35
v 31.4 0 37.55
v 31.4 1 37.55
v 31.4 0 37.6
v 31.4 1 37.6
v 31.3 0 37.7
v 31.3 1 37.7
v 31.25 0 37.7
v 31.25 1 37.7
v 31.15 0 37.8
v 31.15 1 37.8
v 31.15 0 37.85
v 31.15 1 37.85
v 30.85 0 38.15
v 30.85 1 38.15
v 30.8 0 38.15
v 30.8 1 38.15
v 30.75 0 38.2
v 30.75 1 38.2
v 30.75 0 38.25
v 30.75 1 38.25
v 30.4 0 38.6
v 30.4 1 38.6
v 30.4 0 38.65
v 30.4 1 38.65
v 30.35 0 38.7
v 30.35 1 38.7
v 30.3 0 38.7
v 30.3 1 38.7
v 30.05 0 38.95
v 30.05 1 38.95
v 30 0 38.95
v 30 1 38.95
v 29.95 0 39
v 29.95 1 39
v 29.95 0 39.05
v 29.95 1 39.05
v 29.85 0 39.15
v 29.85 1 39.15
v 29.85 0 39.2
v 29.85 1 39.2
v 29.85 0 39.15
v 29.85 1 39.15
v 29.9 0 39.1
v 29.9 1 39.1
v 29.95 0 39.1
v 29.95 1 39.1
v 29.95 0 39.05
v 29.95 1 39.05
v 30.1 0 38.9
v 30.1 1 38.9
v 30.15 0 38.9
v 30.15 1 38.9
v 30.35 0 38.7
v 30.35 1 38.7
v 30.4 0 38.7
v 30.4 1 38.7
v 30.4 0 38.65
v 30.4 1 38.65
v 30.75 0 38.3
v 30.75 1 38.3
v 30.75 0 38.25
v 30.75 1 38.25
v 30.85 0 38.15
v 30.85 1 38.15
v 30.9 0 38.15
v 30.9 1 38.15
v 31.1 0 37.95
v 31.1 1 37.95
v 31.1 0 37.9
v 31.1 1 37.9
v 31.35 0 37.65
v 31.35 1 37.65
v 31.4 0 37.65
v 31.4 1 37.65
v 31.4 0 37.6
v 31.4 1 37.6
v 31.65 0 37.35
v 31.65 1 37.35
v 31.7 0 37.35
v 31.7 1 37.35
v 31.7 0 37.3
v 31.7 1 37.3
v 31.8 0 37.2
v 31.8 1 37.2
v 31.8 0 37.15
v 31.8 1 37.15
v 32.7 0 36.25
v 32.7 1 36.25
v 32.75 0 36.25
v 32.75 1 36.25
v 32.75 0 36.2
v 32.75 1 36.2
v 32.85 0 36.1
v 32.85 1 36.1
v 32.9 0 36.1
v 32.9 1 36.1
v 33.1 0 35.9
v 33.1 1 35.9
v 33.15 0 35.9
v 33.15 1 35.9
v 33.2 0 35.85
v 33.2 1 35.85
v 33.2 0 35.8
v 33.2 1 35.8
v 33.3 0 35.7
v 33.3 1 35.7
v 33.3 0 35.6
v 33.3 1 35.6
v 33.35 0 35.55
v 33.35 1 35.55
v 33.35 0 35.5
v 33.35 1 35.5
v 33.4 0 35.45
v 33.4 1 35.45
v 33.4 0 35.4
v 33.4 1 35.4
v 33.45 0 35.35
v 33.45 1 35.35
v 33.45 0 35.3
v 33.45 1 35.3
v 33.55 0 35.2
v 33.55 1 35.2
v 33.55 0 35.15
v 33.55 1 35.15
v 33.8 0 34.9
v 33.8 1 34.9
v 33.8 0 34.8
v 33.8 1 34.8
v 33.85 0 34.75
v 33.85 1 34.75
v 33.85 0 34.7
v 33.85 1 34.7
v 33.95 0 34.6
v 33.95 1 34.6
v 33.95 0 34.5
v 33.95 1 34.5
v 34.1 0 34.35
v 34.1 1 34.35
v 34.1 0 34.3
v 34.1 1 34.3
v 34.25 0 34.15
v 34.25 1 34.15
v 34.25 0 34.1
v 34.25 1 34.1
v 34.5 0 33.85
v 34.5 1 33.85
v 34.5 0 33.8
v 34.5 1 33.8
v 34.65 0 33.65
v 34.65 1 33.65
v 34.65 0 33.55
v 34.65 1 33.55
v 34.7 0 33.5
v 34.7 1 33.5
v 34.7 0 33.45
v 34.7 1 33.45
v 34.75 0 33.4
v 34.75 1 33.4
v 34.75 0 33.2
v 34.75 1 33.2
v 34.8 0 33.15
v 34.8 1 33.15
v 34.8 0 33.05
v 34.8 1 33.05
v 34.85 0 33
v 34.85 1 33
v 34.85 0 32.65
v 34.85 1 32.65
v 34.8 0 32.6
v 34.8 1 32.6
v 34.8 0 32.55
v 34.8 1 32.55
v 34.75 0 32.5
v 34.75 1 32.5
v 34.7 0 32.5
v 34.7 1 32.5
v 34.65 0 32.45
v 34.65 1 32.45
v 34.65 0 32.35
v 34.65 1 32.35
v 34.6 0 32.3
v 34.6 1 32.3
v 34.55 0 32.3
v 34.55 1 32.3
v 34.5 0 32.25
v 34.5 1 32.25
v 34.5 0 32.2
v 34.5 1 32.2
v 34.45 0 32.15
v 34.45 1 32.15
v 34.45 0 32.1
v 34.45 1 32.1
v 34.4 0 32.1
v 34.4 1 32.1
v 34.35 0 32.05
v 34.35 1 32.05
v 34.35 0 32
v 34.35 1 32
v 34.25 0 31.9
v 34.25 1 31.9
v 34.25 0 31.75
v 34.25 1 31.75
v 34.3 0 31.7
v 34.3 1 31.7
v 34.3 0 31.2
v 34.3 1 31.2
v 34.25 0 31.15
v 34.25 1 31.15
v 34.25 0 30.85
v 34.25 1 30.85
v 34.2 0 30.8
v 34.2 1 30.8
v 34.2 0 30.75
v 34.2 1 30.75
v 34.25 0 30.7
v 34.25 1 30.7
v 34.25 0 30.4
v 34.25 1 30.4
v 34.3 0 30.35
v 34.3 1 30.35
v 34.3 0 30.1
v 34.3 1 30.1
v 34.35 0 30.05
v 34.35 1 30.05
v 34.3 0 30
v 34.3 1 30
v 34.3 0 29.95
v 34.3 1 29.95
v 34.35 0 29.9
v 34.35 1 29.9
v 34.35 0 29.55
v 34.35 1 29.55
v 34.4 0 29.5
v 34.4 1 29.5
v 34.4 0 29.4
v 34.4 1 29.4
v 34.45 0 29.35
v 34.45 1 29.35
v 34.45 0 29.3
v 34.45 1 29.3
v 34.5 0 29.25
v 34.5 1 29.25
v 34.5 0 29.2
v 34.5 1 29.2
v 34.6 0 29.1
v 34.6 1 29.1
v 34.6 0 29
v 34.6 1 29
v 34.65 0 28.95
v 34.65 1 28.95
v 34.65 0 28.8
v 34.65 1 28.8
v 34.7 0 28.75
v 34.7 1 28.75
v 34.7 0 28.7
v 34.7 1 28.7
v 34.75 0 28.65
v 34.75 1 28.65
v 34.75 0 28.6
v 34.75 1 28.6
v 34.8 0 28.55
v 34.8 1 28.55
v 34.8 0 28.5
v 34.8 1 28.5
v 34.85 0 28.45
v 34.85 1 28.45
v 34.85 0 28.35
v 34.85 1 28.35
v 34.9 0 28.3
v 34.9 1 28.3
v 34.9 0 28.25
v 34.9 1 28.25
v 34.95 0 28.2
v 34.95 1 28.2
v 34.95 0 28.15
v 34.95 1 28.15
v 35.05 0 28.05
v 35.05 1 28.05
v 35.05 0 28
v 35.05 1 28
v 35.2 0 27.85
v 35.2 1 27.85
v 35.2 0 27.8
v 35.2 1 27.8
v 35.25 0 27.75
v 35.25 1 27.75
v 35.25 0 27.65
v 35.25 1 27.65
v 35.3 0 27.6
v 35.3 1 27.6
v 35.3 0 27.55
v 35.3 1 27.55
v 35.35 0 27.5
v 35.35 1 27.5
v 35.35 0 27.45
v 35.35 1 27.45
v 35.4 0 27.4
v 35.4 1 27.4
v 35.4 0 27.35
v 35.4 1 27.35
v 35.5 0 27.25
v 35.5 1 27.25
v 35.5 0 27.15
v 35.5 1 27.15
v 35.55 0 27.1
v 35.55 1 27.1
v 35.55 0 27.05
v 35.55 1 27.05
v 35.7 0 26.9
v 35.7 1 26.9
v 35.7 0 26.8
v 35.7 1 26.8
v 35.75 0 26.75
v 35.75 1 26.75
v 35.75 0 26.7
v 35.75 1 26.7
v 35.8 0 26.65
v 35.8 1 26.65
v 35.8 0 26.6
v 35.8 1 26.6
v 35.85 0 26.55
v 35.85 1 26.55
v 35.85 0 26.5
v 35.85 1 26.5
v 35.95 0 26.4
v 35.95 1 26.4
v 35.95 0 26.25
v 35.95 1 26.25
v 36.05 0 26.15
v 36.05 1 26.15
v 36.05 0 26.1
v 36.05 1 26.1
v 36.1 0 26.05
v 36.1 1 26.05
v 36.15 0 26.05
v 36.15 1 26.05
v 36.15 0 26
v 36.15 1 26
v 36.2 0 25.95
v 36.2 1 25.95
v 36.2 0 25.75
v 36.2 1 25.75
v 36.25 0 25.7
v 36.25 1 25.7
v 36.25 0 25.6
v 36.25 1 25.6
v 36.35 0 25.5
v 36.35 1 25.5
v 36.35 0 25.45
v 36.35 1 25.45
v 36.45 0 25.35
v 36.45 1 25.35
v 36.45 0 25.3
v 36.45 1 25.3
v 36.5 0 25.25
v 36.5 1 25.25
v 36.5 0 25.2
v 36.5 1 25.2
v 36.55 0 25.15
v 36.55 1 25.15
v 36.55 0 25.1
v 36.55 1 25.1
v 36.6 0 25.05
v 36.6 1 25.05
v 36.6 0 25
v 36.6 1 25
v 36.65 0 24.95
v 36.65 1 24.95
v 36.65 0 24.9
v 36.65 1 24.9
v 36.7 0 24.85
v 36.7 1 24.85
v 36.75 0 24.85
v 36.75 1 24.85
v 36.75 0 24.8
v 36.75 1 24.8
v 37 0 24.55
v 37 1 24.55
v 37 0 24.45
v 37 1 24.45
v 37.05 0 24.4
v 37.05 1 24.4
v 37.05 0 24.3
v 37.05 1 24.3
v 37.1 0 24.25
v 37.1 1 24.25
v 37.1 0 24.2
v 37.1 1 24.2
v 37.15 0 24.15
v 37.15 1 24.15
v 37.15 0 24.05
v 37.15 1 24.05
v 37.2 0 24
v 37.2 1 24
v 37.2 0 23.5
v 37.2 1 23.5
v 37.15 0 23.45
v 37.15 1 23.45
v 37.15 0 22.3
v 37.15 1 22.3
v 37.2 0 22.25
v 37.2 1 22.25
v 37.2 0 22.05
v 37.2 1 22.05
v 37.25 0 22
v 37.25 1 22
v 37.25 0 21.9
v 37.25 1 21.9
v 37.3 0 21.85
v 37.3 1 21.85
v 37.3 0 21.6
v 37.3 1 21.6
v 37.35 0 21.55
v 37.35 1 21.55
v 37.35 0 21.3
v 37.35 1 21.3
v 37.4 0 21.25
v 37.4 1 21.25
v 37.4 0 20.85
v 37.4 1 20.85
v 37.45 0 20.8
v 37.45 1 20.8
v 37.45 0 20.45
v 37.45 1 20.45
v 37.5 0 20.4
v 37.5 1 20.4
v 37.5 0 19.8
v 37.5 1 19.8
v 37.55 0 19.75
v 37.55 1 19.75
v 37.55 0 19.1
v 37.55 1 19.1
v 37.6 0 19.05
v 37.6 1 19.05
v 37.6 0 18.85
v 37.6 1 18.85
v 37.65 0 18.8
v 37.65 1 18.8
v 37.65 0 18.55
v 37.65 1 18.55
v 37.75 0 18.45
v 37.75 1 18.45
v 37.75 0 18.3
v 37.75 1 18.3
v 37.8 0 18.25
v 37.8 1 18.25
v 37.8 0 18.15
v 37.8 1 18.15
v 37.85 0 18.1
v 37.85 1 18.1
v 37.85 0 18
v 37.85 1 18
v 37.9 0 17.95
v 37.9 1 17.95
v 37.9 0 17.7
v 37.9 1 17.7
v 37.95 0 17.65
v 37.95 1 17.65
v 37.95 0 17.45
v 37.95 1 17.45
v 38.05 0 17.35
v 38.05 1 17.35
v 38.05 0 17.05
v 38.05 1 17.05
v 38.1 0 17
v 38.1 1 17
v 38.1 0 16.85
v 38.1 1 16.85
v 38.15 0 16.8
v 38.15 1 16.8
v 38.15 0 16.5
v 38.15 1 16.5
v 38.2 0 16.45
v 38.2 1 16.45
v 38.2 0 16.15
v 38.2 1 16.15
v 38.25 0 16.1
v 38.25 1 16.1
v 38.25 0 15.95
v 38.25 1 15.95
v 38.3 0 15.9
v 38.3 1 15.9
v 38.3 0 15.35
v 38.3 1 15.35
v 38.35 0 15.3
v 38.35 1 15.3
v 38.35 0 15.15
v 38.35 1 15.15
v 38.3 0 15.1
v 38.3 1 15.1
v 38.3 0 14.35
v 38.3 1 14.35
v 38.25 0 14.3
v 38.25 1 14.3
v 38.25 0 13.7
v 38.25 1 13.7
v 38.2 0 13.65
v 38.2 1 13.65
v 38.2 0 13.35
v 38.2 1 13.35
v 38.15 0 13.3
v 38.15 1 13.3
v 38.15 0 12.7
v 38.15 1 12.7
v 38.1 0 12.65
v 38.1 1 12.65
v 38.1 0 12.5
v 38.1 1 12.5
v 38.05 0 12.45
v 38.05 1 12.45
v 38.05 0 11.35
v 38.05 1 11.35
v 38 0 11.3
v 38 1 11.3
v 38 0 11.1
v 38 1 11.1
v 37.95 0 11.05
v 37.95 1 11.05
v 37.95 0 11
v 37.95 1 11
v 37.85 0 10.9
v 37.85 1 10.9
v 37.85 0 10.85
v 37.85 1 10.85
v 37.8 0 10.8
v 37.8 1 10.8
v 37.8 0 10.7
v 37.8 1 10.7
v 37.75 0 10.65
v 37.75 1 10.65
v 37.75 0 10.45
v 37.75 1 10.45
v 37.65 0 10.35
v 37.65 1 10.35
v 37.65 0 10.1
v 37.65 1 10.1
v 37.6 0 10.05
v 37.6 1 10.05
v 37.6 0 10
v 37.6 1 10
v 37.55 0 9.95
v 37.55 1 9.95
v 37.55 0 9.900001
v 37.55 1 9.900001
v 37.5 0 9.85
v 37.5 1 9.85
v 37.5 0 9.75
v 37.5 1 9.75
v 37.45 0 9.7
v 37.45 1 9.7
v 37.45 0 9.650001
v 37.45 1 9.650001
v 37.4 0 9.6
v 37.4 1 9.6
v 37.4 0 9.55
v 37.4 1 9.55
v 37.3 0 9.45
v 37.3 1 9.45
v 37.3 0 9.400001
v 37.3 1 9.400001
v 37.25 0 9.35
v 37.25 1 9.35
v 37.25 0 9.3
v 37.25 1 9.3
v 37 0 9.05
v 37 1 9.05
v 37 0 9
v 37 1 9
v 36.9 0 8.900001
v 36.9 1 8.900001
v 36.9 0 8.85
v 36.9 1 8.85
v 36.8 0 8.75
v 36.8 1 8.75
v 36.8 0 8.7
v 36.8 1 8.7
v 36.75 0 8.650001
v 36.75 1 8.650001
v 36.75 0 8.55
v 36.75 1 8.55
v 36.7 0 8.5
v 36.7 1 8.5
v 36.7 0 8.35
v 36.7 1 8.35
v 36.65 0 8.3
v 36.65 1 8.3
v 36.65 0 8.150001
v 36.65 1 8.150001
v 36.6 0 8.1
v 36.6 1 8.1
v 36.6 0 8.05
v 36.6 1 8.05
v 36.55 0 8
v 36.55 1 8
v 36.55 0 7.95
v 36.55 1 7.95
v 36.35 0 7.75
v 36.35 1 7.75
v 36.35 0 7.65
v 36.35 1 7.65
v 36.3 0 7.6
v 36.3 1 7.6
v 36.3 0 7.5
v 36.3 1 7.5
v 36.25 0 7.45
v 36.25 1 7.45
v 36.25 0 7.25
v 36.25 1 7.25
v 36.2 0 7.2
v 36.2 1 7.2
v 36.2 0 7.15
v 36.2 1 7.15
v 36.25 0 7.1
v 36.25 1 7.1
v 36.2 0 7.05
v 36.2 1 7.05
v 36.2 0 6.85
v 36.2 1 6.85
v 36.15 0 6.8
v 36.15 1 6.8
v 36.15 0 6.55
v 36.15 1 6.55
v 36.1 0 6.5
v 36.1 1 6.5
v 36.1 0 6.3
v 36.1 1 6.3
v 35.9 0 6.1
v 35.9 1 6.1
v 35.9 0 6.05
v 35.9 1 6.05
v 35.85 0 6
v 35.85 1 6
v 35.9 0 5.95
v 35.9 1 5.95
v 35.8 0 5.85
v 35.8 1 5.85
v 35.8 0 5.8
v 35.8 1 5.8
v 35.75 0 5.75
v 35.75 1 5.75
v 35.75 0 5.7
v 35.75 1 5.7
v 35.6 0 5.55
v 35.6 1 5.55
v 35.6 0 5.5
v 35.6 1 5.5
v 35.5 0 5.5
v 35.5 1 5.5
v 35.45 0 5.45
v 35.45 1 5.45
v 35.45 0 5.4
v 35.45 1 5.4
v 35.4 0 5.35
v 35.4 1 5.35
v 35.4 0 5.25
v 35.4 1 5.25
v 35.25 0 5.1
v 35.25 1 5.1
v 35.2 0 5.1
v 35.2 1 5.1
v 35.15 0 5.05
v 35.15 1 5.05
v 35.15 0 5
v 35.15 1 5
v 35.1 0 5
v 35.1 1 5
v 35 0 4.9
v 35 1 4.9
v 35 0 4.85
v 35 1 4.85
v 34.95 0 4.8
v 34.95 1 4.8
v 34.95 0 4.75
v 34.95 1 4.75
v 34.7 0 4.5
v 34.7 1 4.5
v 34.65 0 4.5
v 34.65 1 4.5
v 34.6 0 4.45
v 34.6 1 4.45
v 34.55 0 4.45
v 34.55 1 4.45
v 34.5 0 4.4
v 34.5 1 4.4
v 34.5 0 4.35
v 34.5 1 4.35
v 34.4 0 4.25
v 34.4 1 4.25
v 34.4 0 4.2
v 34.4 1 4.2
v 34.3 0 4.1
v 34.3 1 4.1
v 34.25 0 4.1
v 34.25 1 4.1
v 34.15 0 4
v 34.15 1 4
v 34.15 0 3.95
v 34.15 1 3.95
v 33.95 0 3.75
v 33.95 1 3.75
v 33.95 0 3.7
v 33.95 1 3.7
v 33.9 0 3.65
v 33.9 1 3.65
v 33.9 0 3.6
v 33.9 1 3.6
v 33.75 0 3.45
v 33.75 1 3.45
v 33.75 0 3.4
v 33.75 1 3.4
v 33.35 0 3
v 33.35 1 3
v 33.25 0 3
v 33.25 1 3
v 33.2 0 2.95
v 33.2 1 2.95
v 32.7 0 2.95
v 32.7 1 2.95
v 32.65 0 2.9
v 32.65 1 2.9
v 32.6 0 2.9
v 32.6 1 2.9
v 32.55 0 2.85
v 32.55 1 2.85
vn 0 0 -1
vn 0 0 1
vn 0.09053578 0 -0.9958932
vn 0.02438298 0 -0.9997028
vn 0.1961131 0 -0.9805812
vn 0.4472119 0 -0.894428
vn 0.4472119 0 -0.894428
vn 0.1961131 0 -0.9805812
vn 0.04756514 0 -0.9988681
vn 0.1643992 0 -0.9863938
vn 0.1643992 0 -0.9863938
vn 0.04756514 0 -0.9988681
vn 0.3162318 0 -0.948682
vn 0.5547057 0 -0.8320467
vn 0.6877444 0 -0.725953
vn 0.6332383 0 -0.7739568
vn 0.7739567 0 -0.6332384
vn 0.7259521 0 -0.6877453
vn 0.7592535 0 -0.650795
vn 0.8574907 0 -0.5144996
vn 0.8574907 0 -0.5144996
vn 0.7592535 0 -0.650795
vn 0.8320539 0 -0.5546947
vn 0.9486847 0 -0.3162237
vn 0.9486847 0 -0.3162237
vn 0.8320539 0 -0.5546947
vn 0.7474082 0 -0.6643652
vn 0.8320493 0 -0.5547017
vn 0.8320497 0 -0.5547011
vn 0.7474083 0 -0.664365
vn 0.8320535 0 -0.5546953
vn 0.9486848 0 -0.3162232
vn 0.3162305 0 -0.9486824
vn 0.5547039 0 -0.8320479
vn 0.6507891 0 -0.7592585
vn 0.514496 0 -0.8574927
vn 0.857491 0 -0.5144989
vn 0.7592537 0 -0.6507948
vn 0.7808735 0 -0.6246892
vn 0.8944301 0 -0.4472076
vn 0.8944301 0 -0.4472076
vn 0.7808735 0 -0.6246892
vn 0.4472204 0 -0.8944238
vn 0.8944306 0 -0.4472068
vn 0.5546843 0 -0.8320608
vn 0.3162232 0 -0.9486848
vn 0.3162232 0 -0.9486848
vn 0.5546843 0 -0.8320608
vn 0.5547075 0 -0.8320454
vn 0.3162332 0 -0.9486815
vn 0.3162332 0 -0.9486815
vn 0.5547075 0 -0.8320454
vn 0.5547039 0 -0.8320479
vn 0.3162305 0 -0.9486824
vn 0.9486848 0 -0.3162232
vn 0.8320535 0 -0.5546953
vn 0.7592537 0 -0.6507948
vn 0.857491 0 -0.5144989
vn 0.8574902 0 -0.5145003
vn 0.7592533 0 -0.6507953
vn 0.8320544 0 -0.5546941
vn 0.9486846 0 -0.3162242
vn 0.9486852 0 -0.3162223
vn 0.8320552 0 -0.5546929
vn 0.8320535 0 -0.5546953
vn 0.9486848 0 -0.3162232
vn 0.316216 0 -0.9486872
vn 0.5546941 0 -0.8320544
vn 0.5546978 0 -0.8320519
vn 0.3162187 0 -0.9486863
vn 0.9486846 0 -0.3162242
vn 0.8320544 0 -0.5546941
vn 0.447217 0 -0.8944255
vn 0.8944288 0 -0.4472102
vn 0.6643637 0 -0.7474094
vn 0.5547017 0 -0.8320493
vn 0.8944266 0 -0.4472149
vn 0.7808679 0 -0.6246961
vn 0.8944301 0 -0.4472076
vn 0.9805813 0 -0.1961133
vn 0.9486846 0 -0.3162242
vn 0.8320544 0 -0.5546941
vn 0.2425378 0 -0.9701419
vn 0.7071102 0 -0.7071034
vn 0.4472068 0 -0.8944306
vn 0.1961169 0 -0.9805806
vn 0.9486773 0 -0.3162459
vn 0.8320348 0 -0.5547234
vn 0.7592614 0 -0.6507857
vn 0.857496 0 -0.5144907
vn 0.8574968 0 -0.5144892
vn 0.7592618 0 -0.6507853
vn 0.8320535 0 -0.5546953
vn 0.9486848 0 -0.3162232
vn 0.9486848 0 -0.3162232
vn 0.8320535 0 -0.5546953
vn 0.8320357 0 -0.5547222
vn 0.9486779 0 -0.3162441
vn 0.9805784 0 -0.1961277
vn 0.8944166 0 -0.4472349
vn 0.8944293 0 -0.4472093
vn 0.9805813 0 -0.1961136
vn 0.9486848 0 -0.3162232
vn 0.8320535 0 -0.5546953
vn 0.8320552 0 -0.5546929
vn 0.9486852 0 -0.3162223
vn 0.9805813 0 -0.1961133
vn 0.8944301 0 -0.4472076
vn 0.8944293 0 -0.4472093
vn 0.9805813 0 -0.1961136
vn -0.7071102 0 0.7071034
vn 0.7071102 0 -0.7071034
vn -0.9486848 0 -0.3162232
vn -0.9486846 0 0.3162242
vn -0.3162332 0 -0.9486815
vn -0.5547075 0 -0.8320454
vn 0.554688 0 -0.8320584
vn 0.316226 0 -0.948684
vn 0.993883 0 -0.1104382
vn 0.9486775 0 -0.316245
vn 0.9486848 0 -0.3162232
vn 0.9938838 0 -0.1104299
vn 0.9970545 0 -0.07669538
vn 0.9701434 0 -0.2425321
vn 0.9701434 0 -0.2425321
vn 0.9970545 0 -0.07669538
vn 0.9899498 0 -0.1414191
vn 0.9284789 0 -0.3713852
vn 0.9284784 0 -0.3713864
vn 0.9899498 0 -0.1414193
vn 0.9486848 0 0.3162232
vn 0.9486846 0 -0.3162242
vn 0.9486852 0 0.3162223
vn 0.8320552 0 0.5546929
vn 0.8320535 0 -0.5546953
vn 0.9486848 0 -0.3162232
vn 0.9958932 0 -0.09053441
vn 0.961525 0 -0.2747177
vn 0.9615251 0 -0.274717
vn 0.9958932 0 -0.09053434
vn 0.9805813 0 -0.1961133
vn 0.8944301 0 -0.4472076
vn 0.8944166 0 -0.4472349
vn 0.9805784 0 -0.1961277
vn 0.9805784 0 -0.1961277
vn 0.8944166 0 -0.4472349
vn 0.7808732 0 -0.6246896
vn 0.8944298 0 -0.4472085
vn 0.8320544 0 -0.5546941
vn 0.7474142 0 -0.6643584
vn 0.780863 0 -0.6247023
vn 0.8944237 0 -0.4472204
vn 0.9701412 0 -0.2425411
vn 0.8682384 0 -0.4961471
vn 0.9284787 0 -0.3713858
vn 0.9899497 0 -0.1414195
vn 0.9899497 0 -0.1414195
vn 0.9284787 0 -0.3713858
vn 0.9284787 0 -0.3713858
vn 0.9899497 0 -0.1414195
vn 0.9899497 0 -0.1414195
vn 0.9284787 0 -0.3713858
vn 0.9284787 0 -0.3713858
vn 0.9899497 0 -0.1414195
vn 0.9486852 0 -0.3162223
vn 0.8320552 0 -0.5546929
vn 0.780863 0 -0.6247023
vn 0.8944237 0 -0.4472204
vn 0.8944221 0 -0.4472238
vn 0.7808618 0 -0.6247037
vn 0.7808735 0 -0.6246892
vn 0.8944288 0 -0.4472102
vn 0.8944306 0 -0.4472068
vn 0.7808746 0 -0.6246878
vn 0.7399402 0 -0.6726726
vn 0.8137338 0 -0.5812378
vn 0.8137338 0 -0.5812378
vn 0.7399402 0 -0.6726726
vn 0.8320519 0 -0.5546978
vn 0.9486846 0 -0.3162242
vn 0.9486846 0 -0.3162242
vn 0.8320519 0 -0.5546978
vn 0.780863 0 -0.6247023
vn 0.8944237 0 -0.4472204
vn 0.8944237 0 -0.4472204
vn 0.780863 0 -0.6247023
vn 0.8320519 0 -0.5546978
vn 0.9486846 0 -0.3162242
vn 0.9486846 0 -0.3162242
vn 0.8320519 0 -0.5546978
vn 0.8320552 0 -0.5546929
vn 0.9486852 0 -0.3162223
vn 0.9486852 0 -0.3162223
vn 0.8320552 0 -0.5546929
vn 0.8320552 0 -0.5546929
vn 0.9486852 0 -0.3162223
vn 0.980581 0 -0.196114
vn 0.8944298 0 -0.4472085
vn 0.8320446 0 -0.5547087
vn 0.9486809 0 -0.316235
vn 0.9863933 0 -0.1644025
vn 0.9138084 0 -0.4061457
vn 0.9615251 0 -0.274717
vn 0.9958932 0 -0.09053434
vn 0.9485654 0.01580908 -0.3161865
vn 0.8319736 -0.01386584 -0.554642
vn 0.8319736 0.01386584 -0.554642
vn 0.9485654 -0.01580908 -0.3161865
vn 0.9899251 0.007070651 -0.1414152
vn 0.9284391 -0.009284073 -0.3713686
vn 0.9284782 0 -0.371387
vn 0.9899498 0 -0.1414191
vn 0.9805813 0 -0.1961133
vn 0.8944288 0 -0.4472102
vn 0.894417 0 -0.4472341
vn 0.9805785 0 -0.1961269
vn 0.9486779 0 -0.3162441
vn 0.8320357 0 -0.5547222
vn 0.8320519 0 -0.5546978
vn 0.9486846 0 -0.3162242
vn 0.9486846 0 -0.3162242
vn 0.8320519 0 -0.5546978
vn 0.8320552 0 -0.5546929
vn 0.9486852 0 -0.3162223
vn 0.9486852 0 -0.3162223
vn 0.8320552 0 -0.5546929
vn 0.8320552 0 -0.5546929
vn 0.9486852 0 -0.3162223
vn 0.9899497 0 -0.1414195
vn 0.9284787 0 -0.3713858
vn 0.9284787 0 -0.3713858
vn 0.9899497 0 -0.1414195
vn 0.9997532 0 -0.02221641
vn 0.9965459 0 -0.08304423
vn 0.9965454 0 -0.08305053
vn 0.9997532 0 -0.0222181
vn 0.9899483 0 -0.1414293
vn 0.9284694 0 -0.371409
vn 0.9284782 0 -0.371387
vn 0.9899498 0 -0.1414191
vn 0.999201 0 -0.03996743
vn 0.9899497 0 -0.1414195
vn 0.9899498 0 -0.1414191
vn 0.9992009 0 -0.0399674
vn 0.9970546 0 -0.07669527
vn 0.9701434 0 -0.2425318
vn 0.9701431 0 -0.2425329
vn 0.9970545 0 -0.07669538
vn 0.999201 0 -0.03996743
vn 0.9899497 0 -0.1414195
vn 0.9899498 0 -0.1414191
vn 0.9992009 0 -0.0399674
vn 0.9994801 0 -0.0322408
vn 0.9931508 0 -0.1168394
vn 0.9931498 0 -0.1168482
vn 0.9994801 0 -0.03224326
vn 0.9899482 0 -0.14143
vn 0.9284689 0 -0.3714103
vn 0.9284689 0 0.3714103
vn 0.9899482 0 0.14143
vn 0.999056 0 0.04343985
vn 0.9883703 0 0.1520661
vn 0.988372 0 0.1520552
vn 0.9990561 0 0.04343657
vn 0.9899498 0 0.1414191
vn 0.9284782 0 0.371387
vn 0.9284782 0 0.371387
vn 0.9899498 0 0.1414191
vn 0.9970546 0 0.07669516
vn 0.9701433 0 0.2425324
vn 0.9701433 0 0.2425324
vn 0.9970546 0 0.07669516
vn 0.9970546 0 0.07669516
vn 0.9701433 0 0.2425324
vn 0.9701433 0 0.2425324
vn 0.9970546 0 0.07669516
vn 0.9899496 0 0.1414198
vn 0.9284776 0 0.3713882
vn 0.9284698 0 0.3714078
vn 0.9899482 0 0.1414296
vn 0.9958928 0 0.09054104
vn 0.96152 0 0.2747349
vn 0.961502 0.006867692 0.2747119
vn 0.995883 -0.00452661 0.09053357
vn 0.9485648 0.01580917 0.3161882
vn 0.8319703 -0.01386596 0.5546468
vn 0.8319768 0.01386572 0.5546371
vn 0.948566 -0.01580899 0.3161846
vn 0.9938839 0 0.1104301
vn 0.9486852 0 0.3162223
vn 0.9486852 0 0.3162223
vn 0.9938839 0 0.1104301
vn 0.9958932 0 0.09053418
vn 0.9615254 0 0.2747156
vn 0.9615247 0 0.2747184
vn 0.9958933 0 0.0905345
vn 0.9805813 0 0.1961133
vn 0.8944288 0 0.4472102
vn 0.8944153 0 0.4472375
vn 0.9805784 0 0.1961277
vn 0.9805784 0 0.1961277
vn 0.8944153 0 0.4472375
vn 0.8944323 0 0.4472033
vn 0.9805816 0 0.1961118
vn 0.980581 0 0.1961147
vn 0.8944306 0 0.4472068
vn 0.8943747 0.0111793 0.4471788
vn 0.9805338 -0.009805114 0.1961053
vn 0.948566 0.01580899 0.3161846
vn 0.8319768 -0.01386572 0.5546371
vn 0.8319768 0.01386572 0.5546371
vn 0.948566 -0.01580899 0.3161846
vn 0.9958932 0 0.09053418
vn 0.9615254 0 0.2747156
vn 0.9615247 0 0.2747184
vn 0.9958933 0 0.0905345
vn 0.9938839 0 0.1104297
vn 0.9486846 0 0.3162242
vn 0.9486773 0 0.3162459
vn 0.993883 0 0.110438
vn 0.9993147 0 0.03701396
vn 0.9912268 0 0.132172
vn 0.9912282 0 0.1321614
vn 0.9993149 0 0.03701109
vn 0.999201 0 0.03996749
vn 0.9899498 0 0.1414191
vn 0.9899498 0 0.1414191
vn 0.999201 0 0.03996749
vn 0.9977853 0 0.06651784
vn 0.9761881 0 0.2169261
vn 0.9761877 0 0.2169278
vn 0.9977852 0 0.066518
vn 0.9982744 0 0.05872124
vn 0.980581 0 0.196114
vn 0.9805815 0 0.1961125
vn 0.9982744 0 0.05872111
vn 0.9958932 0 0.09053418
vn 0.9615254 0 0.2747156
vn 0.9615191 0 0.2747377
vn 0.9958927 0 0.09054135
vn 0.9958927 0 0.09054135
vn 0.9615191 0 0.2747377
vn 0.9615247 0 0.2747184
vn 0.9958933 0 0.0905345
vn 0.9486858 0 0.3162205
vn 0.8320535 0 0.5546953
vn 0.8320535 0 0.5546953
vn 0.9486858 0 0.3162205
vn 0.9958933 0 0.0905345
vn 0.9615247 0 0.2747184
vn 0.9615254 0 0.2747156
vn 0.9958932 0 0.09053418
vn 0.9997737 0 0.02127145
vn 0.9968154 0 0.07974389
vn 0.9968154 0 -0.07974414
vn 0.9997737 0 -0.02127147
vn 0.9988681 0 -0.04756446
vn 0.9863942 0 -0.1643969
vn 0.9863944 0 0.1643959
vn 0.9988682 0 0.04756438
vn 0.9486846 0 0.3162242
vn 0.8320568 0 0.5546904
vn 0.8320503 0 0.5547002
vn 0.9486833 0 0.3162278
vn 0.9805813 0 0.1961133
vn 0.8944288 0 0.4472102
vn 0.8944187 0 0.4472306
vn 0.9805787 0 0.1961262
vn 0.9805781 0 0.1961291
vn 0.894417 0 0.4472341
vn 0.8944306 0 0.4472068
vn 0.980581 0 0.1961147
vn 0.9486846 0 0.3162242
vn 0.8320568 0 0.5546904
vn 0.7399396 0 0.6726733
vn 0.8137323 0 0.5812399
vn 0.8137352 0 0.5812356
vn 0.7399407 0 0.672672
vn 0.8320535 0 0.5546953
vn 0.9486858 0 0.3162205
vn 0.3162278 0 0.9486833
vn 0.5547002 0 0.8320503
vn 0.9701436 0 0.2425313
vn 0.7071135 0 0.7071
vn 0.8320454 0 0.5547075
vn 0.9486815 0 0.3162332
vn 0.8944221 0 0.4472238
vn 0.7808618 0 0.6247037
vn 0.8320503 0 0.5547002
vn 0.9486833 0 0.3162278
vn 0.9486858 0 0.3162205
vn 0.8320535 0 0.5546953
vn 0.8320535 0 0.5546953
vn 0.9486858 0 0.3162205
vn 0.9486858 0 0.3162205
vn 0.8320535 0 0.5546953
vn 0.7808712 0 0.6246921
vn 0.8944306 0 0.4472068
vn 0.8944306 0 0.4472068
vn 0.7808712 0 0.6246921
vn 0.8320341 0 0.5547246
vn 0.9486784 0 0.3162422
vn 0.9486784 0 0.3162422
vn 0.8320341 0 0.5547246
vn 0.8320535 0 0.5546953
vn 0.9486858 0 0.3162205
vn 0.9805813 0 0.1961133
vn 0.8944288 0 0.4472102
vn 0.8944288 0 0.4472102
vn 0.9805813 0 0.1961133
vn 0.9899496 0 0.1414198
vn 0.9284776 0 0.3713882
vn 0.9284796 0 0.3713833
vn 0.9899498 0 0.1414191
vn 0.9486846 0 0.3162242
vn 0.8320568 0 0.5546904
vn 0.8320568 0 0.5546904
vn 0.9486846 0 0.3162242
vn 0.3162241 0 0.9486845
vn 0.5547051 0 0.832047
vn 0.8944135 0 0.4472409
vn 0.4471863 0 0.8944409
vn 0.8320503 0 0.5547002
vn 0.9486833 0 0.3162278
vn 0.9486858 0 0.3162205
vn 0.8320535 0 0.5546953
vn 0.8320535 0 0.5546953
vn 0.9486858 0 0.3162205
vn 0.9805813 0 0.1961133
vn 0.8944288 0 0.4472102
vn 0.894373 0.01117981 0.4471822
vn 0.9805341 -0.009805416 0.1961038
vn 0.9485672 0.01580941 0.316181
vn 0.8319736 -0.01386637 0.554642
vn 0.7808404 0.007808404 0.6246818
vn 0.8943696 -0.01117956 0.4471891
vn 0.8944221 0 0.4472238
vn 0.7808618 0 0.6247037
vn 0.8320503 0 0.5547002
vn 0.9486833 0 0.3162278
vn 0.9805813 0 0.1961133
vn 0.8944288 0 0.4472102
vn 0.8944323 0 0.4472033
vn 0.9805816 0 0.1961118
vn 0.9486846 0 0.3162242
vn 0.8320568 0 0.5546904
vn 0.7807782 0.01561509 0.624613
vn 0.8942054 -0.02235458 0.4470984
vn 0.8942054 0.02235458 0.4470984
vn 0.7807782 -0.01561509 0.624613
vn 0.7807666 0.01561486 0.6246276
vn 0.8941987 -0.02235441 0.4471121
vn 0.9486815 0 0.3162332
vn 0.8320454 0 0.5547075
vn 0.8320552 0 0.5546929
vn 0.9486852 0 0.3162223
vn 0.8944288 0 0.4472102
vn 0.7808735 0 0.6246892
vn 0.8320503 0 0.5547002
vn 0.9486833 0 0.3162278
vn 0.9486858 0 0.3162205
vn 0.8320535 0 0.5546953
vn 0.8320341 0 0.5547246
vn 0.9486784 0 0.3162422
vn 0.9805784 0 0.1961277
vn 0.8944153 0 0.4472375
vn 0.8944288 0 0.4472102
vn 0.9805813 0 0.1961133
vn 0.9486858 0 0.3162205
vn 0.8320535 0 0.5546953
vn 0.8320535 0 0.5546953
vn 0.9486858 0 0.3162205
vn 0.9486858 0 0.3162205
vn 0.8320535 0 0.5546953
vn 0.7592537 0 0.6507948
vn 0.8574924 0 0.5144967
vn 0.8574889 0 0.5145025
vn 0.759252 0 0.6507968
vn 0.7808735 0 0.6246892
vn 0.8944288 0 0.4472102
vn 0.8944288 0 0.4472102
vn 0.7808735 0 0.6246892
vn 0.8320568 0 0.5546904
vn 0.9486846 0 0.3162242
vn 0.9486846 0 0.3162242
vn 0.8320568 0 0.5546904
vn 0.8320568 0 0.5546904
vn 0.9486846 0 0.3162242
vn 0.9899498 0 0.1414191
vn 0.9284796 0 0.3713833
vn 0.9284679 0 0.3714127
vn 0.9899482 0 0.1414304
vn 0.9486784 0 0.3162422
vn 0.8320341 0 0.5547246
vn 0.8320535 0 0.5546953
vn 0.9486858 0 0.3162205
vn 0.9486833 0 0.3162278
vn 0.8320503 0 0.5547002
vn 0.8320568 0 0.5546904
vn 0.9486846 0 0.3162242
vn 0.9486846 0 0.3162242
vn 0.8320568 0 0.5546904
vn 0.8320568 0 0.5546904
vn 0.9486846 0 0.3162242
vn 0.980581 0 0.1961147
vn 0.8944306 0 0.4472068
vn 0.8320438 0 0.55471
vn 0.9486803 0 0.3162368
vn 1 0 -1.907323E-05
vn 0.8574924 0 0.5144967
vn 0.8574889 0 0.5145025
vn 1 0 -1.907341E-05
vn 0.8944237 0 0.4472204
vn 0.7808595 0 0.6247066
vn 0.8320535 0 0.5546953
vn 0.9486858 0 0.3162205
vn 0.9805813 0 0.1961133
vn 0.8944288 0 0.4472102
vn 0.8944288 0 0.4472102
vn 0.9805813 0 0.1961133
vn 0.9805813 0 0.1961133
vn 0.8944288 0 0.4472102
vn 0.8944323 0 0.4472033
vn 0.9805816 0 0.1961118
vn 0.9977852 0 0.06651817
vn 0.9761879 0 0.216927
vn 0.9761843 0 0.2169427
vn 0.9977849 0 0.06652322
vn 0.9486773 0 0.3162459
vn 0.8320373 0 0.5547197
vn 0.8320373 0 -0.5547197
vn 0.9486773 0 -0.3162459
vn 0.9486773 0 0.3162459
vn 0.9486784 0 -0.3162422
vn 0.9958927 0 0.09054135
vn 0.9615191 0 0.2747377
vn 0.9615247 0 0.2747184
vn 0.9958933 0 0.0905345
vn 0.9970546 0 0.07669516
vn 0.9701433 0 0.2425324
vn 0.9701433 0 0.2425324
vn 0.9970546 0 0.07669516
vn 0.9486858 0 0.3162205
vn 0.8320535 0 0.5546953
vn 0.8320535 0 -0.5546953
vn 0.9486858 0 -0.3162205
vn 0.9970545 0 -0.0766956
vn 0.9701431 0 -0.2425335
vn 0.9701436 0 -0.2425313
vn 0.9970545 0 -0.07669538
vn 0.9988682 0 -0.04756438
vn 0.9863944 0 -0.1643959
vn 0.9863942 0 0.1643969
vn 0.9988681 0 0.04756446
vn 0.9899496 0 0.1414198
vn 0.9284776 0 0.3713882
vn 0.9284796 0 -0.3713833
vn 0.9899498 0 -0.1414191
vn 0.9486846 0 -0.3162242
vn 0.8320568 0 -0.5546904
vn 0.8320308 0 -0.5547295
vn 0.948676 0 -0.3162495
vn 0.9486809 0 -0.316235
vn 0.8320373 0 -0.5547197
vn 0.4472409 0 -0.8944135
vn 0.8944409 0 -0.4471863
vn 0.5547002 0 -0.8320503
vn 0.3162278 0 -0.9486833
vn 0.9486833 0 -0.3162278
vn 0.8320503 0 -0.5547002
vn 0.8320503 0 -0.5547002
vn 0.9486833 0 -0.3162278
vn 0.9486833 0 -0.3162278
vn 0.8320503 0 -0.5547002
vn 0.4472136 0 -0.8944271
vn 0.8944271 0 -0.4472136
vn 0.6246979 0 -0.7808664
vn 0.4472204 0 -0.8944237
vn 0.9486809 0 -0.316235
vn 0.832047 0 -0.5547051
vn 0.7071068 0 -0.7071068
vn 0.9701424 0 -0.2425356
vn 0.6247095 0 -0.7808571
vn 0.4472272 0 -0.8944203
vn 0.8944306 0 -0.4472068
vn 0.7808781 0 -0.6246834
vn 0.8320308 0 -0.5547295
vn 0.948676 0 -0.3162495
vn 0.9970541 0 -0.07670143
vn 0.9701387 0 -0.2425509
vn 0.9701387 0 0.2425509
vn 0.9970541 0 0.07670143
vn 0.9805789 0 0.1961248
vn 0.894417 0 0.4472341
vn 0.8944306 0 0.4472068
vn 0.9805818 0 0.1961104
vn 0.9899499 0 0.1414183
vn 0.9284787 0 0.3713858
vn 0.9284787 0 0.3713858
vn 0.9899499 0 0.1414183
vn 0.9486833 0 0.3162278
vn 0.8320503 0 0.5547002
vn 0.8320503 0 0.5547002
vn 0.9486833 0 0.3162278
vn 0.9805818 0 0.1961104
vn 0.8944306 0 0.4472068
vn 0.7999954 0 0.6000061
vn 0.9191445 0 0.3939205
vn 0.8574871 0 0.5145054
vn 0.7592484 0 0.6508009
vn 0.7399396 0 0.6726733
vn 0.8137323 0 0.5812399
vn 0.8137383 0 0.5812315
vn 0.739942 0 0.6726708
vn 0.7592601 0 0.6507873
vn 0.8574999 0 0.5144842
vn 0.8574929 0 0.5144957
vn 0.7592566 0 0.6507914
vn 0.7808664 0 0.6246979
vn 0.8944237 0 0.4472204
vn 0.8944237 0 0.4472204
vn 0.7808664 0 0.6246979
vn 0.8320503 0 0.5547002
vn 0.9486833 0 0.3162278
vn 0.9486833 0 0.3162278
vn 0.8320503 0 0.5547002
vn 0.8319833 0.01386547 0.5546274
vn 0.9485672 -0.01580881 0.316181
vn 0.9485672 0.01580881 0.316181
vn 0.8319833 -0.01386547 0.5546274
vn 0.8319703 0.01386596 0.5546468
vn 0.9485648 -0.01580917 0.3161882
vn 0.9486833 0 0.3162278
vn 0.8320503 0 0.5547002
vn 0.8320308 0 0.5547295
vn 0.948676 0 0.3162495
vn 0.9486809 0 0.316235
vn 0.8320373 0 0.5547197
vn 0.739942 0 0.6726708
vn 0.8137383 0 0.5812315
vn 0.8137323 0 0.5812399
vn 0.7399396 0 0.6726733
vn 0.8320503 0 0.5547002
vn 0.9486833 0 0.3162278
vn 0.9486833 0 0.3162278
vn 0.8320503 0 0.5547002
vn 0.7808781 0 0.6246834
vn 0.8944306 0 0.4472068
vn 0.9486846 0 0.3162242
vn 0.8320568 0 0.5546904
vn 0.8944271 0 0.4472136
vn 0.9805806 0 0.1961161
vn 0.9486833 0 0.3162278
vn 0.8320503 0 0.5547002
vn 0.8320438 0 0.55471
vn 0.9486784 0 0.3162422
vn 0.9486784 0 0.3162422
vn 0.8320438 0 0.55471
vn 0.8319703 0.01386596 0.5546468
vn 0.9485648 -0.01580917 0.3161882
vn 0.9485648 0.01580917 0.3161882
vn 0.8319703 -0.01386596 0.5546468
vn 0.7592524 0.005423031 0.6507736
vn 0.8574648 -0.008574387 0.5144711
vn 0.5144938 0 0.8574941
vn 0.6507968 0 0.759252
vn 0.6643678 0 0.7474058
vn 0.5546978 0 0.8320519
vn 0.5546978 0 0.8320519
vn 0.6643678 0 0.7474058
vn 0.5546904 0 0.8320568
vn 0.3162133 0 0.9486881
vn 0.9486833 0 0.3162278
vn 0.8320503 0 0.5547002
vn 0.8320503 0 0.5547002
vn 0.9486833 0 0.3162278
vn 0.3162278 0 0.9486833
vn 0.5547002 0 0.8320503
vn 0.6967866 0 0.7172784
vn 0.6667963 0 0.7452401
vn 0.7452414 0 0.6667947
vn 0.71728 0 0.6967851
vn 0.8320405 0 0.5547149
vn 0.9486796 0 0.3162386
vn 0.9486796 0 0.3162386
vn 0.8320405 0 0.5547149
vn 0.7808723 0 0.6246907
vn 0.8944272 0 0.4472136
vn 0.4472238 0 0.8944221
vn 0.6247037 0 0.7808618
vn 0.6643575 0 0.7474149
vn 0.5546953 0 0.8320535
vn 0.8320519 0 0.5546978
vn 0.7474058 0 0.6643678
vn 0.7808735 0 0.6246892
vn 0.894434 0 0.4472
vn 0.4469554 0.03352327 0.8939279
vn 0.6245207 -0.02342066 0.7806569
vn 0.6242107 0.03901554 0.7802812
vn 0.4465062 -0.05581667 0.8930379
vn 0.8942071 0.02235612 0.447095
vn 0.7807724 -0.01561646 0.6246203
vn 0.7347317 0.01413007 0.6782106
vn 0.7997546 -0.02499314 0.5998064
vn 0.6000013 0 0.7999991
vn 0.6782804 0 0.7348031
vn 0.5546904 0 0.8320568
vn 0.3162242 0 0.9486846
vn 0.9486796 0 0.3162386
vn 0.8320405 0 0.5547149
vn 0.7310566 0 0.6823168
vn 0.7893524 0 0.6139404
vn 0.7893524 0 0.6139404
vn 0.7310566 0 0.6823168
vn 0.8320503 0 0.5547002
vn 0.9486833 0 0.3162278
vn 0.3162278 0 0.9486833
vn 0.5547002 0 0.8320503
vn 0.6726733 0 0.7399396
vn 0.5812399 0 0.8137323
vn 0.5812259 0.005812302 0.8137215
vn 0.6726682 -0.003363366 0.7399366
vn 0.554642 0.01386637 0.8319736
vn 0.316181 -0.01580941 0.9485672
vn 0.9485648 0.01580977 0.3161882
vn 0.8319703 -0.01386649 0.5546468
vn 0.7808723 0 0.6246907
vn 0.8944272 0 0.4472136
vn 0.8944272 0 0.4472136
vn 0.7808723 0 0.6246907
vn -1 0 0
vn 1 0 0
vn -0.8320503 0 -0.5547002
vn -0.9486833 0 -0.3162278
vn -0.3162205 0 -0.9486858
vn -0.5546953 0 -0.8320535
vn -0.894434 0 -0.4471999
vn -0.4472273 0 -0.8944204
vn -0.7592561 0 -0.6507921
vn -0.857497 0 -0.514489
vn -0.5144928 0 -0.8574946
vn -0.6507873 0 -0.7592601
vn -0.6643646 0 -0.7474086
vn -0.5547026 0 -0.8320487
vn -0.5547026 0 -0.8320487
vn -0.6643646 0 -0.7474086
vn -0.8944271 0 -0.4472136
vn -0.4472136 0 -0.8944271
vn -0.7310566 0 -0.6823168
vn -0.7893524 0 -0.6139404
vn -0.7893524 0 -0.6139404
vn -0.7310566 0 -0.6823168
vn -0.780863 0 -0.6247023
vn -0.8944238 0 -0.4472204
vn -0.4472102 0 -0.8944288
vn -0.6246892 0 -0.7808735
vn -0.664273 0.01660657 -0.7473056
vn -0.5544894 -0.02772405 -0.8317288
vn -0.8317289 0.02772405 -0.5544894
vn -0.7473056 -0.01660657 -0.664273
vn -0.7398726 0.01345209 -0.6726124
vn -0.8135125 -0.02324305 -0.5810829
vn -0.5812399 0 -0.8137323
vn -0.6726733 0 -0.7399396
vn -0.8944271 0 -0.4472136
vn -0.4472136 0 -0.8944271
vn -0.7399396 0 -0.6726733
vn -0.8137323 0 -0.5812399
vn -0.5812356 0 -0.8137352
vn -0.672672 0 -0.7399407
vn -0.894434 0 -0.4471999
vn -0.4472273 0 -0.8944204
vn -0.7808676 0 -0.6246965
vn -0.8944306 0 -0.4472068
vn -0.8944238 0 -0.4472204
vn -0.780863 0 -0.6247023
vn -0.7167265 0 -0.6973544
vn -0.7432944 0 -0.6689646
vn -0.6689661 0 -0.7432929
vn -0.6973559 0 -0.7167251
vn -0.8944271 0 -0.4472136
vn -0.4472136 0 -0.8944271
vn -0.7808571 0 -0.6247095
vn -0.8944203 0 -0.4472272
vn -0.4472068 0 -0.8944306
vn -0.6246834 0 -0.7808781
vn -0.6643646 0 -0.7474086
vn -0.5547026 0 -0.8320487
vn -0.5547026 0 -0.8320487
vn -0.6643646 0 -0.7474086
vn -0.5546468 0.01386702 -0.8319703
vn -0.3161882 -0.01581038 -0.9485647
vn -0.9485696 0.01580966 -0.3161738
vn -0.8319768 -0.01386677 -0.5546371
vn -0.7808497 0.007808855 -0.6246702
vn -0.8943781 -0.01117998 -0.447172
vn -0.9486833 0 -0.3162278
vn -0.8320503 0 -0.5547002
vn -0.8944204 0 -0.4472273
vn -0.9805784 0 -0.1961277
vn -0.9486784 0 -0.3162422
vn -0.8320438 0 -0.55471
vn -0.8320503 0 -0.5547002
vn -0.9486833 0 -0.3162278
vn -0.9486833 0 -0.3162278
vn -0.8320503 0 -0.5547002
vn -0.8319703 0.01386702 -0.5546468
vn -0.9485647 -0.01581038 -0.3161882
vn -0.9485696 0.01580966 -0.3161738
vn -0.8319768 -0.01386677 -0.5546371
vn -0.7808497 0.007808855 -0.6246702
vn -0.8943781 -0.01117998 -0.447172
vn -0.8944271 0 -0.4472136
vn -0.7808688 0 -0.624695
vn -0.7399396 0 -0.6726733
vn -0.8137323 0 -0.5812399
vn -0.8741594 0 -0.4856392
vn -0.7682225 0 -0.640183
vn -0.894417 0 -0.4472341
vn -0.9805789 0 -0.1961248
vn -0.948676 0 -0.3162495
vn -0.8320308 0 -0.5547295
vn -0.7808688 0 -0.624695
vn -0.8944271 0 -0.4472136
vn -0.9486858 0 -0.3162205
vn -0.8320535 0 -0.5546953
vn -0.7999954 0 -0.6000061
vn -0.9191445 0 -0.3939205
vn -0.8574941 0 -0.5144938
vn -0.759252 0 -0.6507968
vn -0.7592601 0 -0.6507873
vn -0.8574999 0 -0.5144842
vn -0.8574929 0 -0.5144957
vn -0.7592566 0 -0.6507914
vn -0.7399396 0 -0.6726733
vn -0.8137323 0 -0.5812399
vn -0.8137383 0 -0.5812315
vn -0.739942 0 -0.6726708
vn -0.759252 0 -0.6507968
vn -0.8574941 0 -0.5144938
vn -0.9191445 0 -0.3939205
vn -0.7999954 0 -0.6000061
vn -0.8944306 0 -0.4472068
vn -0.9805818 0 -0.1961104
vn -0.9486833 0 -0.3162278
vn -0.8320503 0 -0.5547002
vn -0.8320503 0 -0.5547002
vn -0.9486833 0 -0.3162278
vn -0.9938839 0 -0.1104297
vn -0.9486846 0 -0.3162242
vn -0.9486846 0 -0.3162242
vn -0.9938839 0 -0.1104297
vn -0.9805818 0 -0.1961104
vn -0.8944306 0 -0.4472068
vn -0.894417 0 -0.4472341
vn -0.9805789 0 -0.1961248
vn -0.9977849 0 -0.0665234
vn -0.9761839 0 -0.2169445
vn -0.9761839 0 0.2169445
vn -0.9977849 0 0.0665234
vn -0.9486809 0 0.316235
vn -0.8320373 0 0.5547197
vn -0.8320568 0 0.5546904
vn -0.9486881 0 0.3162133
vn -0.3162278 0 0.9486833
vn -0.5547002 0 0.8320503
vn -0.5547002 0 0.8320503
vn -0.3162278 0 0.9486833
vn -0.9805806 0 0.1961161
vn -0.8944271 0 0.4472136
vn -0.894434 0 0.4472
vn -0.9805813 0 0.1961133
vn -0.316235 0 0.9486809
vn -0.5547197 0 0.8320373
vn -0.5546904 0 0.8320568
vn -0.3162133 0 0.9486881
vn -0.9486833 0 0.3162278
vn -0.8320503 0 0.5547002
vn -0.8320503 0 0.5547002
vn -0.9486833 0 0.3162278
vn -0.9486833 0 0.3162278
vn -0.8320503 0 0.5547002
vn -0.4472136 0 0.8944271
vn -0.8944271 0 0.4472136
vn -0.5547295 0 0.8320308
vn -0.3162495 0 0.948676
vn -0.9486858 0 0.3162205
vn -0.8320633 0 0.5546806
vn -0.7808618 0 0.6247037
vn -0.8944221 0 0.4472238
vn -0.9701412 0 0.2425411
vn -0.8682384 0 0.4961471
vn -0.9284776 0 -0.3713882
vn -0.9899496 0 -0.1414198
vn -0.9988681 0 -0.04756446
vn -0.9863942 0 -0.1643969
vn -0.9863944 0 0.1643959
vn -0.9988682 0 0.04756438
vn -0.9970545 0 0.07669538
vn -0.9701436 0 0.2425313
vn -0.9701431 0 0.2425335
vn -0.9970545 0 0.0766956
vn -0.9486858 0 0.3162205
vn -0.8320535 0 0.5546953
vn -0.8320535 0 -0.5546953
vn -0.9486858 0 -0.3162205
vn -0.9970546 0 -0.07669516
vn -0.9701433 0 -0.2425324
vn -0.9701433 0 -0.2425324
vn -0.9970546 0 -0.07669516
vn -0.9958933 0 -0.0905345
vn -0.9615247 0 -0.2747184
vn -0.9615191 0 -0.2747377
vn -0.9958927 0 -0.09054135
vn -0.9486784 0 0.3162422
vn -0.9486773 0 -0.3162459
vn -0.9486773 0 0.3162459
vn -0.8320373 0 0.5547197
vn -0.8320373 0 -0.5547197
vn -0.9486773 0 -0.3162459
vn -0.9977849 0 -0.06652322
vn -0.9761843 0 -0.2169427
vn -0.9761879 0 -0.216927
vn -0.9977852 0 -0.06651817
vn -0.9805816 0 -0.1961118
vn -0.8944323 0 -0.4472033
vn -0.8944288 0 -0.4472102
vn -0.9805813 0 -0.1961133
vn -0.9486833 0 -0.3162278
vn -0.8320503 0 -0.5547002
vn -0.8320568 0 -0.5546904
vn -0.9486846 0 -0.3162242
vn -0.9486846 0 -0.3162242
vn -0.8320568 0 -0.5546904
vn -0.7808618 0 -0.6247037
vn -0.8944221 0 -0.4472238
vn -0.9486815 0 -0.3162332
vn -0.8320454 0 -0.5547075
vn -0.8944288 0 -0.4472102
vn -0.9805813 0 -0.1961133
vn -0.9899496 0 -0.1414198
vn -0.9284776 0 -0.3713882
vn -0.9284796 0 -0.3713833
vn -0.9899498 0 -0.1414191
vn -0.9486846 0 -0.3162242
vn -0.8320568 0 -0.5546904
vn -0.8320568 0 -0.5546904
vn -0.9486846 0 -0.3162242
vn -0.9486846 0 -0.3162242
vn -0.8320568 0 -0.5546904
vn -0.8320503 0 -0.5547002
vn -0.9486833 0 -0.3162278
vn -0.9486858 0 -0.3162205
vn -0.8320535 0 -0.5546953
vn -0.8320341 0 -0.5547246
vn -0.9486784 0 -0.3162422
vn -0.9805784 0 -0.1961277
vn -0.8944153 0 -0.4472375
vn -0.8944288 0 -0.4472102
vn -0.9805813 0 -0.1961133
vn -0.9486858 0 -0.3162205
vn -0.8320535 0 -0.5546953
vn -0.8320535 0 -0.5546953
vn -0.9486858 0 -0.3162205
vn -0.9486858 0 -0.3162205
vn -0.8320535 0 -0.5546953
vn -0.7808712 0 -0.6246921
vn -0.8944306 0 -0.4472068
vn -0.8944306 0 -0.4472068
vn -0.7808712 0 -0.6246921
vn -0.7592537 0 -0.6507948
vn -0.8574924 0 -0.5144967
vn -0.8574889 0 -0.5145025
vn -0.759252 0 -0.6507968
vn -0.8320568 0 -0.5546904
vn -0.9486846 0 -0.3162242
vn -0.9805816 0 -0.1961118
vn -0.8944323 0 -0.4472033
vn -0.8944288 0 -0.4472102
vn -0.9805813 0 -0.1961133
vn -0.9486833 0 -0.3162278
vn -0.8320503 0 -0.5547002
vn -0.8320373 0 -0.5547197
vn -0.9486773 0 -0.3162459
vn -0.9486773 0 -0.3162459
vn -0.8320373 0 -0.5547197
vn -0.8320568 0 -0.5546904
vn -0.9486846 0 -0.3162242
vn -0.9486846 0 -0.3162242
vn -0.8320568 0 -0.5546904
vn -0.7808735 0 -0.6246892
vn -0.8944288 0 -0.4472102
vn -0.9486852 0 -0.3162223
vn -0.8320552 0 -0.5546929
vn -0.894373 0.01117939 -0.4471822
vn -0.9805341 -0.009805042 -0.1961038
vn -0.9485648 0.01580917 -0.3161882
vn -0.8319703 -0.01386596 -0.5546468
vn -0.7592442 0.005422972 -0.6507831
vn -0.8574591 -0.008574329 -0.5144807
vn -0.919143 0 -0.3939241
vn -0.7999982 0 -0.6000025
vn -0.8944306 0 -0.4472068
vn -0.980581 0 -0.1961147
vn -0.9486846 0 -0.3162242
vn -0.8320568 0 -0.5546904
vn -0.8320568 0 -0.5546904
vn -0.9486846 0 -0.3162242
vn -0.9486846 0 -0.3162242
vn -0.8320568 0 -0.5546904
vn -0.8320308 0 -0.5547295
vn -0.948676 0 -0.3162495
vn -0.9486784 0 -0.3162422
vn -0.8320341 0 -0.5547246
vn -0.7808758 0 -0.6246864
vn -0.8944323 0 -0.4472033
vn -0.9701433 0 -0.2425324
vn -0.8682466 0 -0.4961328
vn -0.8682466 0 -0.4961328
vn -0.9701433 0 -0.2425324
vn -0.8944288 0 -0.4472102
vn -0.7808735 0 -0.6246892
vn -0.8320308 0 -0.5547295
vn -0.948676 0 -0.3162495
vn -0.3162205 0 -0.9486858
vn -0.5546806 0 -0.8320633
vn -0.894434 0 -0.4472
vn -0.4472272 0 -0.8944203
vn -0.8320535 0 -0.5546953
vn -0.9486858 0 -0.3162205
vn -0.9938839 0 -0.1104297
vn -0.9486846 0 -0.3162242
vn -0.9486846 0 -0.3162242
vn -0.9938839 0 -0.1104297
vn -0.9805813 0 -0.1961133
vn -0.8944288 0 -0.4472102
vn -0.8320454 0 -0.5547075
vn -0.9486815 0 -0.3162332
vn -0.8944221 0 -0.4472238
vn -0.7808618 0 -0.6247037
vn -0.7808735 0 -0.6246892
vn -0.8944288 0 -0.4472102
vn -0.8944288 0 -0.4472102
vn -0.7808735 0 -0.6246892
vn -0.8320568 0 -0.5546904
vn -0.9486846 0 -0.3162242
vn -0.9486846 0 -0.3162242
vn -0.8320568 0 -0.5546904
vn -0.8320568 0 -0.5546904
vn -0.9486846 0 -0.3162242
vn -0.9486846 0 -0.3162242
vn -0.8320568 0 -0.5546904
vn -0.8320308 0 -0.5547295
vn -0.948676 0 -0.3162495
vn -0.9486784 0 -0.3162422
vn -0.8320341 0 -0.5547246
vn -0.8320535 0 -0.5546953
vn -0.9486858 0 -0.3162205
vn -0.9486858 0 -0.3162205
vn -0.8320535 0 -0.5546953
vn -0.8320535 0 -0.5546953
vn -0.9486858 0 -0.3162205
vn -0.3162278 0 -0.9486833
vn -0.5547002 0 -0.8320503
vn -0.8944271 0 -0.4472136
vn -0.4472136 0 -0.8944271
vn -0.7399396 0 -0.6726733
vn -0.8137323 0 -0.5812399
vn -0.8741576 0 -0.4856423
vn -0.7682215 0 -0.6401842
vn -0.8944323 0 -0.4472033
vn -0.9805816 0 -0.1961118
vn -0.980581 0 -0.1961147
vn -0.8944306 0 -0.4472068
vn -0.894417 0 -0.4472341
vn -0.9805781 0 -0.1961291
vn -0.9486773 0 -0.3162459
vn -0.8320373 0 -0.5547197
vn -0.8320568 0 -0.5546904
vn -0.9486846 0 -0.3162242
vn -0.980581 0 -0.1961147
vn -0.8944306 0 -0.4472068
vn -0.8944306 0 -0.4472068
vn -0.980581 0 -0.1961147
vn -0.9988682 0 -0.04756438
vn -0.9863944 0 -0.1643959
vn -0.9863942 0 0.1643969
vn -0.9988681 0 0.04756446
vn -0.9997737 0 0.02127147
vn -0.9968154 0 0.07974414
vn -0.9968154 0 -0.07974389
vn -0.9997737 0 -0.02127145
vn -0.9938839 0 -0.1104301
vn -0.9486852 0 -0.3162223
vn -0.9486852 0 -0.3162223
vn -0.9938839 0 -0.1104301
vn -0.9805816 0 -0.1961118
vn -0.8944323 0 -0.4472033
vn -0.8944288 0 -0.4472102
vn -0.9805813 0 -0.1961133
vn -0.9958933 0 -0.0905345
vn -0.9615247 0 -0.2747184
vn -0.9615191 0 -0.2747377
vn -0.9958927 0 -0.09054135
vn -0.9958927 0 -0.09054135
vn -0.9615191 0 -0.2747377
vn -0.9615254 0 -0.2747156
vn -0.9958932 0 -0.09053418
vn -0.9982744 0 -0.05872111
vn -0.9805815 0 -0.1961125
vn -0.980581 0 -0.196114
vn -0.9982744 0 -0.05872124
vn -0.9977852 0 -0.066518
vn -0.9761877 0 -0.2169278
vn -0.9761881 0 -0.2169261
vn -0.9977853 0 -0.06651784
vn -0.999201 0 -0.03996749
vn -0.9899498 0 -0.1414191
vn -0.9899498 0 -0.1414191
vn -0.999201 0 -0.03996749
vn -0.9993149 0 -0.03701109
vn -0.9912282 0 -0.1321614
vn -0.9912268 0 -0.132172
vn -0.9993147 0 -0.03701396
vn -0.993883 0 -0.110438
vn -0.9486773 0 -0.3162459
vn -0.9486846 0 -0.3162242
vn -0.9938839 0 -0.1104297
vn -0.9958933 0 -0.0905345
vn -0.9615247 0 -0.2747184
vn -0.9138141 0 -0.4061327
vn -0.9863943 0 -0.1643964
vn -0.9701433 0 -0.2425324
vn -0.8682466 0 -0.4961328
vn -0.9284796 0 -0.3713833
vn -0.9899498 0 -0.1414191
vn -0.9805816 0 -0.1961118
vn -0.8944323 0 -0.4472033
vn -0.8944153 0 -0.4472375
vn -0.9805784 0 -0.1961277
vn -0.9805784 0 -0.1961277
vn -0.8944153 0 -0.4472375
vn -0.8944288 0 -0.4472102
vn -0.9805813 0 -0.1961133
vn -0.9958933 0 -0.0905345
vn -0.9615247 0 -0.2747184
vn -0.9615254 0 -0.2747156
vn -0.9958932 0 -0.09053418
vn -0.9938839 0 -0.1104301
vn -0.9486852 0 -0.3162223
vn -0.8944298 0 -0.4472085
vn -0.980581 0 -0.196114
vn -0.9899497 0 -0.1414195
vn -0.9284787 0 -0.3713858
vn -0.9701392 0 -0.2425487
vn -0.9970541 0 -0.07670119
vn -0.9899482 0 -0.1414296
vn -0.9284698 0 -0.3714078
vn -0.9284776 0 -0.3713882
vn -0.9899496 0 -0.1414198
vn -0.9970546 0 -0.07669516
vn -0.9701433 0 -0.2425324
vn -0.9701433 0 -0.2425324
vn -0.9970546 0 -0.07669516
vn -0.9970546 0 -0.07669516
vn -0.9701433 0 -0.2425324
vn -0.9701433 0 -0.2425324
vn -0.9970546 0 -0.07669516
vn -0.9899498 0 -0.1414191
vn -0.9284782 0 -0.371387
vn -0.9284782 0 -0.371387
vn -0.9899498 0 -0.1414191
vn -0.9990561 0 -0.04343657
vn -0.988372 0 -0.1520552
vn -0.9883703 0 -0.1520661
vn -0.999056 0 -0.04343985
vn -0.9899482 0 -0.14143
vn -0.9284689 0 -0.3714103
vn -0.9284689 0 0.3714103
vn -0.9899482 0 0.14143
vn -0.9994801 0 0.03224326
vn -0.9931498 0 0.1168482
vn -0.9931508 0 0.1168394
vn -0.9994801 0 0.0322408
vn -0.9992009 0 0.0399674
vn -0.9899498 0 0.1414191
vn -0.9899497 0 0.1414195
vn -0.999201 0 0.03996743
vn -0.9970545 0 0.07669538
vn -0.9701431 0 0.2425329
vn -0.9701434 0 0.2425318
vn -0.9970546 0 0.07669527
vn -0.9992009 0 0.0399674
vn -0.9899498 0 0.1414191
vn -0.9899497 0 0.1414195
vn -0.999201 0 0.03996743
vn -0.9899498 0 0.1414191
vn -0.9284782 0 0.371387
vn -0.9284694 0 0.371409
vn -0.9899483 0 0.1414293
vn -0.9997532 0 0.0222181
vn -0.9965454 0 0.08305053
vn -0.9965459 0 0.08304423
vn -0.9997532 0 0.02221641
vn -0.9938838 0 0.1104299
vn -0.9486848 0 0.3162232
vn -0.9486848 0 0.3162232
vn -0.9938838 0 0.1104299
vn -0.9486852 0 0.3162223
vn -0.8320552 0 0.5546929
vn -0.7808723 0 0.6246907
vn -0.8944298 0 0.4472085
vn -0.8944298 0 0.4472085
vn -0.7808723 0 0.6246907
vn -0.8320357 0 0.5547222
vn -0.9486779 0 0.3162441
vn -0.9805785 0 0.1961269
vn -0.894417 0 0.4472341
vn -0.8944288 0 0.4472102
vn -0.9805813 0 0.1961133
vn -0.9938839 0 0.1104297
vn -0.9486846 0 0.3162242
vn -0.8944298 0 0.4472085
vn -0.9805813 0 0.1961129
vn -0.9863943 0 0.1643967
vn -0.9138134 0 0.4061341
vn -0.9615251 0 0.274717
vn -0.9958932 0 0.09053434
vn -0.9485665 0.01581041 0.3161828
vn -0.8319752 -0.0138671 0.5546396
vn -0.8319557 0.01386677 0.5546688
vn -0.9485593 -0.01581029 0.3162045
vn -0.9485582 0.01581047 0.3162082
vn -0.8319541 -0.01386684 0.5546713
vn -0.8320535 0 0.5546953
vn -0.9486839 0 0.3162259
vn -0.9805815 0 0.1961125
vn -0.8944306 0 0.4472068
vn -0.8944306 0 0.4472068
vn -0.9805815 0 0.1961125
vn -0.9486839 0 0.3162259
vn -0.8320535 0 0.5546953
vn -0.8320535 0 0.5546953
vn -0.9486839 0 0.3162259
vn -0.9486852 0 0.3162223
vn -0.8320552 0 0.5546929
vn -0.780863 0 0.6247023
vn -0.8944237 0 0.4472204
vn -0.8944221 0 0.4472238
vn -0.7808618 0 0.6247037
vn -0.8320535 0 0.5546953
vn -0.9486839 0 0.3162259
vn -0.9486852 0 0.3162223
vn -0.8320552 0 0.5546929
vn -0.7399402 0 0.6726726
vn -0.8137338 0 0.5812378
vn -0.8137338 0 0.5812378
vn -0.7399402 0 0.6726726
vn -0.7808723 0 0.6246907
vn -0.8944298 0 0.4472085
vn -0.8944298 0 0.4472085
vn -0.7808723 0 0.6246907
vn -0.780863 0 0.6247023
vn -0.8944237 0 0.4472204
vn -0.8944237 0 0.4472204
vn -0.780863 0 0.6247023
vn -0.8320519 0 0.5546978
vn -0.9486846 0 0.3162242
vn -0.9805813 0 0.1961133
vn -0.8944288 0 0.4472102
vn -0.8944306 0 0.4472068
vn -0.9805815 0 0.1961125
vn -0.9899497 0 0.1414195
vn -0.9284787 0 0.3713858
vn -0.9284787 0 0.3713858
vn -0.9899497 0 0.1414195
vn -0.9899497 0 0.1414195
vn -0.9284787 0 0.3713858
vn -0.9284787 0 0.3713858
vn -0.9899497 0 0.1414195
vn -0.9486852 0 0.3162223
vn -0.8320552 0 0.5546929
vn -0.8320357 0 0.5547222
vn -0.9486779 0 0.3162441
vn -0.9486773 0 0.3162459
vn -0.8320348 0 0.5547234
vn -0.7474146 0 0.664358
vn -0.8320539 0 0.5546947
vn -0.89443 0 0.4472081
vn -0.7808737 0 0.6246889
vn -0.8944166 0 0.4472349
vn -0.9805784 0 0.1961277
vn -0.9805784 0 0.1961277
vn -0.8944166 0 0.4472349
vn -0.8944293 0 0.4472093
vn -0.9805813 0 0.1961136
vn -0.993884 0 0.1104298
vn -0.9486847 0 0.3162237
vn -0.9486847 0 0.3162237
vn -0.993884 0 0.1104298
vn -0.9486848 0 0.3162232
vn -0.8320535 0 0.5546953
vn -0.8320552 0 -0.5546929
vn -0.9486852 0 -0.3162223
vn -0.9486846 0 0.3162242
vn -0.9486848 0 -0.3162232
vn -0.993884 0 0.1104298
vn -0.9486847 0 0.3162237
vn -0.9486847 0 0.3162237
vn -0.993884 0 0.1104298
vn -0.9958932 0 0.09053441
vn -0.961525 0 0.2747177
vn -0.9615251 0 0.274717
vn -0.9958932 0 0.09053434
vn -0.9938838 0 0.1104299
vn -0.9486848 0 0.3162232
vn -0.8320495 0 0.5547014
vn -0.9486828 0 0.3162289
vn -0.8320491 0 0.554702
vn -0.7474083 0 0.664365
vn -0.8320544 0 0.5546941
vn -0.9486846 0 0.3162242
vn -0.9486846 0 -0.3162242
vn -0.9486848 0 0.3162232
vn -0.8574852 0 0.5145085
vn -1 0 1.90735E-05
vn -0.8944229 0 0.4472221
vn -0.7808625 0 0.624703
vn -0.8320544 0 0.5546941
vn -0.9486846 0 0.3162242
vn -0.9486846 0 0.3162242
vn -0.8320544 0 0.5546941
vn -0.7592614 0 0.6507857
vn -0.857496 0 0.5144907
vn -0.8574968 0 0.5144892
vn -0.7592618 0 0.6507853
vn -0.2425313 0 0.9701436
vn -0.7071 0 0.7071135
vn -0.4472102 0 0.8944289
vn -0.1961122 0 0.9805815
vn -0.9486848 0 0.3162232
vn -0.8320535 0 0.5546953
vn -0.8320552 0 0.5546929
vn -0.9486852 0 0.3162223
vn -0.9805813 0 0.1961133
vn -0.8944301 0 0.4472076
vn -0.7999972 0 0.6000038
vn -0.9191434 0 0.3939227
vn -0.514496 0 0.8574927
vn -0.6507891 0 0.7592585
vn -0.5547039 0 0.8320479
vn -0.3162305 0 0.9486824
vn -0.9486848 0 0.3162232
vn -0.8320535 0 0.5546953
vn -0.4472204 0 0.8944238
vn -0.8944306 0 0.4472068
vn -0.6246889 0 0.7808737
vn -0.4472119 0 0.894428
vn -0.8944233 0 0.4472212
vn -0.7808618 0 0.6247037
vn -0.8320535 0 0.5546953
vn -0.9486848 0 0.3162232
vn -0.9486848 0 0.3162232
vn -0.8320535 0 0.5546953
vn -0.7399402 0 0.6726726
vn -0.8137338 0 0.5812378
vn -0.5812399 0 0.8137323
vn -0.6726733 0 0.7399396
vn -0.5547039 0 0.8320479
vn -0.3162305 0 0.9486824
vn -0.316216 0 0.9486872
vn -0.5546941 0 0.8320544
vn -0.5546978 0 0.8320519
vn -0.3162187 0 0.9486863
vn -0.9486852 0 0.3162223
vn -0.8320552 0 0.5546929
vn -0.7808735 0 0.6246892
vn -0.8944301 0 0.4472076
vn -0.8944293 0 0.4472093
vn -0.7808728 0 0.6246899
vn -0.7808625 0 0.624703
vn -0.8944229 0 0.4472221
vn -0.4472136 0 0.8944272
vn -0.6246907 0 0.7808723
vn -0.6247005 0 0.7808644
vn -0.4472187 0 0.8944246
vn -0.8944298 0 0.4472085
vn -0.7808732 0 0.6246896
vn -0.7474082 0 0.6643652
vn -0.8320493 0 0.5547017
vn -0.8320493 0 0.5547017
vn -0.7474082 0 0.6643652
vn -0.8320539 0 0.5546947
vn -0.9486847 0 0.3162237
vn -0.9486847 0 0.3162237
vn -0.8320539 0 0.5546947
vn -0.7592535 0 0.650795
vn -0.8574907 0 0.5144996
vn -0.8574907 0 0.5144996
vn -0.7592535 0 0.650795
vn -0.728202 0 0.6853626
vn -0.7808706 0 0.6246929
vn -0.5546988 0 0.8320512
vn -0.6643648 0 0.7474083
vn -0.4472119 0 0.894428
vn -0.1961131 0 0.9805812
vn -0.04756514 0 0.9988681
vn -0.1643992 0 0.9863938
vn -0.1643992 0 0.9863938
vn -0.04756514 0 0.9988681
vn -0.3162318 0 0.948682
vn -0.5547057 0 0.8320467
vn -0.5546861 0 0.8320596
vn -0.3162246 0 0.9486844
vn -0.02324949 0 0.9997297
vn -0.08662914 0 0.9962406
f 1//1 2//2 4//4
f 1//1 4//4 3//3
f 3//3 4//4 6//6
f 3//3 6//6 5//5
f 5//5 6//6 8//8
f 5//5 8//8 7//7
f 7//7 8//8 10//10
f 7//7 10//10 9//9
f 9//9 10//10 12//12
f 9//9 12//12 11//11
f 11//11 12//12 14//14
f 11//11 14//14 13//13
f 13//13 14//14 16//16
f 13//13 16//16 15//15
f 15//15 16//16 18//18
f 15//15 18//18 17//17
f 17//17 18//18 20//20
f 17//17 20//20 19//19
f 19//19 20//20 22//22
f 19//19 22//22 21//21
f 21//21 22//22 24//24
f 21//21 24//24 23//23
f 23//23 24//24 26//26
f 23//23 26//26 25//25
f 25//25 26//26 28//28
f 25//25 28//28 27//27
f 27//27 28//28 30//30
f 27//27 30//30 29//29
f 29//29 30//30 32//32
f 29//29 32//32 31//31
f 31//31 32//32 34//34
f 31//31 34//34 33//33
f 33//33 34//34 36//36
f 33//33 36//36 35//35
f 35//35 36//36 38//38
f 35//35 38//38 37//37
f 37//37 38//38 40//40
f 37//37 40//40 39//39
f 39//39 40//40 42//42
f 39//39 42//42 41//41
f 41//41 42//42 44//44
f 41//41 44//44 43//43
f 43//43 44//44 46//46
f 43//43 46//46 45//45
f 45//45 46//46 48//48
f 45//45 48//48 47//47
f 47//47 48//48 50//50
f 47//47 50//50 49//49
f 49//49 50//50 52//52
f 49//49 52//52 51//51
f 51//51 52//52 54//54
f 51//51 54//54 53//53
f 53//53 54//54 56//56
f 53//53 56//56 55//55
f 55//55 56//56 58//58
f 55//55 58//58 57//57
f 57//57 58//58 60//60
f 57//57 60//60 59//59
f 59//59 60//60 62//62
f 59//59 62//62 61//61
f 61//61 62//62 64//64
f 61//61 64//64 63//63
f 63//63 64//64 66//66
f 63//63 66//66 65//65
f 65//65 66//66 68//68
f 65//65 68//68 67//67
f 67//67 68//68 70//70
f 67//67 70//70 69//69
f 69//69 70//70 72//72
f 69//69 72//72 71//71
f 71//71 72//72 74//74
f 71//71 74//74 73//73
f 73//73 74//74 76//76
f 73//73 76//76 75//75
f 75//75 76//76 78//78
f 75//75 78//78 77//77
f 77//77 78//78 80//80
f 77//77 80//80 79//79
f 79//79 80//80 82//82
f 79//79 82//82 81//81
f 81//81 82//82 84//84
f 81//81 84//84 83//83
f 83//83 84//84 86//86
f 83//83 86//86 85//85
f 85//85 86//86 88//88
f 85//85 88//88 87//87
f 87//87 88//88 90//90
f 87//87 90//90 89//89
f 89//89 90//90 92//92
f 89//89 92//92 91//91
f 91//91 92//92 94//94
f 91//91 94//94 93//93
f 93//93 94//94 96//96
f 93//93 96//96 95//95
f 95//95 96//96 98//98
f 95//95 98//98 97//97
f 97//97 98//98 100//100
f 97//97 100//100 99//99
f 99//99 100//100 102//102
f 99//99 102//102 101//101
f 101//101 102//102 104//104
f 101//101 104//104 103//103
f 103//103 104//104 106//106
f 103//103 106//106 105//105
f 105//105 106//106 108//108
f 105//105 108//108 107//107
f 107//107 108//108 110//110
f 107//107 110//110 109//109
f 109//109 110//110 112//112
f 109//109 112//112 111//111
f 111//111 112//112 114//114
f 111//111 114//114 113//113
f 113//113 114//114 116//116
f 113//113 116//116 115//115
f 115//115 116//116 118//118
f 115//115 118//118 117//117
f 117//117 118//118 120//120
f 117//117 120//120 119//119
f 119//119 120//120 122//122
f 119//119 122//122 121//121
f 121//121 122//122 124//124
f 121//121 124//124 123//123
f 123//123 124//124 126//126
f 123//123 126//126 125//125
f 125//125 126//126 128//128
f 125//125 128//128 127//127
f 127//127 128//128 130//130
f 127//127 130//130 129//129
f 129//129 130//130 132//132
f 129//129 132//132 131//131
f 131//131 132//132 134//134
f 131//131 134//134 133//133
f 133//133 134//134 136//136
f 133//133 136//136 135//135
f 135//135 136//136 138//138
f 135//135 138//138 137//137
f 137//137 138//138 140//140
f 137//137 140//140 139//139
f 139//139 140//140 142//142
f 139//139 142//142 141//141
f 141//141 142//142 144//144
f 141//141 144//144 143//143
f 143//143 144//144 146//146
f 143//143 146//146 145//145
f 145//145 146//146 148//148
f 145//145 148//148 147//147
f 147//147 148//148 150//150
f 147//147 150//150 149//149
f 149//149 150//150 152//152
f 149//149 152//152 151//151
f 151//151 152//152 154//154
f 151//151 154//154 153//153
f 153//153 154//154 156//156
f 153//153 156//156 155//155
f 155//155 156//156 158//158
f 155//155 158//158 157//157
f 157//157 158//158 160//160
f 157//157 160//160 159//159
f 159//159 160//160 162//162
f 159//159 162//162 161//161
f 161//161 162//162 164//164
f 161//161 164//164 163//163
f 163//163 164//164 166//166
f 163//163 166//166 165//165
f 165//165 166//166 168//168
f 165//165 168//168 167//167
f 167//167 168//168 170//170
f 167//167 170//170 169//169
f 169//169 170//170 172//172
f 169//169 172//172 171//171
f 171//171 172//172 174//174
f 171//171 174//174 173//173
f 173//173 174//174 176//176
f 173//173 176//176 175//175
f 175//175 176//176 178//178
f 175//175 178//178 177//177
f 177//177 178//178 180//180
f 177//177 180//180 179//179
f 179//179 180//180 182//182
f 179//179 182//182 181//181
f 181//181 182//182 184//184
f 181//181 184//184 183//183
f 183//183 184//184 186//186
f 183//183 186//186 185//185
f 185//185 186//186 188//188
f 185//185 188//188 187//187
f 187//187 188//188 190//190
f 187//187 190//190 189//189
f 189//189 190//190 192//192
f 189//189 192//192 191//191
f 191//191 192//192 194//194
f 191//191 194//194 193//193
f 193//193 194//194 196//196
f 193//193 196//196 195//195
f 195//195 196//196 198//198
f 195//195 198//198 197//197
f 197//197 198//198 200//200
f 197//197 200//200 199//199
f 199//199 200//200 202//202
f 199//199 202//202 201//201
f 201//201 202//202 204//204
f 201//201 204//204 203//203
f 203//203 204//204 206//206
f 203//203 206//206 205//205
f 205//205 206//206 208//208
f 205//205 208//208 207//207
f 207//207 208//208 210//210
f 207//207 210//210 209//209
f 209//209 210//210 212//212
f 209//209 212//212 211//211
f 211//211 212//212 214//214
f 211//211 214//214 213//213
f 213//213 214//214 216//216
f 213//213 216//216 215//215
f 215//215 216//216 218//218
f 215//215 218//218 217//217
f 217//217 218//218 220//220
f 217//217 220//220 219//219
f 219//219 220//220 222//222
f 219//219 222//222 221//221
f 221//221 222//222 224//224
f 221//221 224//224 223//223
f 223//223 224//224 226//226
f 223//223 226//226 225//225
f 225//225 226//226 228//228
f 225//225 228//228 227//227
f 227//227 228//228 230//230
f 227//227 230//230 229//229
f 229//229 230//230 232//232
f 229//229 232//232 231//231
f 231//231 232//232 234//234
f 231//231 234//234 233//233
f 233//233 234//234 236//236
f 233//233 236//236 235//235
f 235//235 236//236 238//238
f 235//235 238//238 237//237
f 237//237 238//238 240//240
f 237//237 240//240 239//239
f 239//239 240//240 242//242
f 239//239 242//242 241//241
f 241//241 242//242 244//244
f 241//241 244//244 243//243
f 243//243 244//244 246//246
f 243//243 246//246 245//245
f 245//245 246//246 248//248
f 245//245 248//248 247//247
f 247//247 248//248 250//250
f 247//247 250//250 249//249
f 249//249 250//250 252//252
f 249//249 252//252 251//251
f 251//251 252//252 254//254
f 251//251 254//254 253//253
f 253//253 254//254 256//256
f 253//253 256//256 255//255
f 255//255 256//256 258//258
f 255//255 258//258 257//257
f 257//257 258//258 260//260
f 257//257 260//260 259//259
f 259//259 260//260 262//262
f 259//259 262//262 261//261
f 261//261 262//262 264//264
f 261//261 264//264 263//263
f 263//263 264//264 266//266
f 263//263 266//266 265//265
f 265//265 266//266 268//268
f 265//265 268//268 267//267
f 267//267 268//268 270//270
f 267//267 270//270 269//269
f 269//269 270//270 272//272
f 269//269 272//272 271//271
f 271//271 272//272 274//274
f 271//271 274//274 273//273
f 273//273 274//274 276//276
f 273//273 276//276 275//275
f 275//275 276//276 278//278
f 275//275 278//278 277//277
f 277//277 278//278 280//280
f 277//277 280//280 279//279
f 279//279 280//280 282//282
f 279//279 282//282 281//281
f 281//281 282//282 284//284
f 281//281 284//284 283//283
f 283//283 284//284 286//286
f 283//283 286//286 285//285
f 285//285 286//286 288//288
f 285//285 288//288 287//287
f 287//287 288//288 290//290
f 287//287 290//290 289//289
f 289//289 290//290 292//292
f 289//289 292//292 291//291
f 291//291 292//292 294//294
f 291//291 294//294 293//293
f 293//293 294//294 296//296
f 293//293 296//296 295//295
f 295//295 296//296 298//298
f 295//295 298//298 297//297
f 297//297 298//298 300//300
f 297//297 300//300 299//299
f 299//299 300//300 302//302
f 299//299 302//302 301//301
f 301//301 302//302 304//304
f 301//301 304//304 303//303
f 303//303 304//304 306//306
f 303//303 306//306 305//305
f 305//305 306//306 308//308
f 305//305 308//308 307//307
f 307//307 308//308 310//310
f 307//307 310//310 309//309
f 309//309 310//310 312//312
f 309//309 312//312 311//311
f 311//311 312//312 314//314
f 311//311 314//314 313//313
f 313//313 314//314 316//316
f 313//313 316//316 315//315
f 315//315 316//316 318//318
f 315//315 318//318 317//317
f 317//317 318//318 320//320
f 317//317 320//320 319//319
f 319//319 320//320 322//322
f 319//319 322//322 321//321
f 321//321 322//322 324//324
f 321//321 324//324 323//323
f 323//323 324//324 326//326
f 323//323 326//326 325//325
f 325//325 326//326 328//328
f 325//325 328//328 327//327
f 327//327 328//328 330//330
f 327//327 330//330 329//329
f 329//329 330//330 332//332
f 329//329 332//332 331//331
f 331//331 332//332 334//334
f 331//331 334//334 333//333
f 333//333 334//334 336//336
f 333//333 336//336 335//335
f 335//335 336//336 338//338
f 335//335 338//338 337//337
f 337//337 338//338 340//340
f 337//337 340//340 339//339
f 339//339 340//340 342//342
f 339//339 342//342 341//341
f 341//341 342//342 344//344
f 341//341 344//344 343//343
f 343//343 344//344 346//346
f 343//343 346//346 345//345
f 345//345 346//346 348//348
f 345//345 348//348 347//347
f 347//347 348//348 350//350
f 347//347 350//350 349//349
f 349//349 350//350 352//352
f 349//349 352//352 351//351
f 351//351 352//352 354//354
f 351//351 354//354 353//353
f 353//353 354//354 356//356
f 353//353 356//356 355//355
f 355//355 356//356 358//358
f 355//355 358//358 357//357
f 357//357 358//358 360//360
f 357//357 360//360 359//359
f 359//359 360//360 362//362
f 359//359 362//362 361//361
f 361//361 362//362 364//364
f 361//361 364//364 363//363
f 363//363 364//364 366//366
f 363//363 366//366 365//365
f 365//365 366//366 368//368
f 365//365 368//368 367//367
f 367//367 368//368 370//370
f 367//367 370//370 369//369
f 369//369 370//370 372//372
f 369//369 372//372 371//371
f 371//371 372//372 374//374
f 371//371 374//374 373//373
f 373//373 374//374 376//376
f 373//373 376//376 375//375
f 375//375 376//376 378//378
f 375//375 378//378 377//377
f 377//377 378//378 380//380
f 377//377 380//380 379//379
f 379//379 380//380 382//382
f 379//379 382//382 381//381
f 381//381 382//382 384//384
f 381//381 384//384 383//383
f 383//383 384//384 386//386
f 383//383 386//386 385//385
f 385//385 386//386 388//388
f 385//385 388//388 387//387
f 387//387 388//388 390//390
f 387//387 390//390 389//389
f 389//389 390//390 392//392
f 389//389 392//392 391//391
f 391//391 392//392 394//394
f 391//391 394//394 393//393
f 393//393 394//394 396//396
f 393//393 396//396 395//395
f 395//395 396//396 398//398
f 395//395 398//398 397//397
f 397//397 398//398 400//400
f 397//397 400//400 399//399
f 399//399 400//400 402//402
f 399//399 402//402 401//401
f 401//401 402//402 404//404
f 401//401 404//404 403//403
f 403//403 404//404 406//406
f 403//403 406//406 405//405
f 405//405 406//406 408//408
f 405//405 408//408 407//407
f 407//407 408//408 410//410
f 407//407 410//410 409//409
f 409//409 410//410 412//412
f 409//409 412//412 411//411
f 411//411 412//412 414//414
f 411//411 414//414 413//413
f 413//413 414//414 416//416
f 413//413 416//416 415//415
f 415//415 416//416 418//418
f 415//415 418//418 417//417
f 417//417 418//418 420//420
f 417//417 420//420 419//419
f 419//419 420//420 422//422
f 419//419 422//422 421//421
f 421//421 422//422 424//424
f 421//421 424//424 423//423
f 423//423 424//424 426//426
f 423//423 426//426 425//425
f 425//425 426//426 428//428
f 425//425 428//428 427//427
f 427//427 428//428 430//430
f 427//427 430//430 429//429
f 429//429 430//430 432//432
f 429//429 432//432 431//431
f 431//431 432//432 434//434
f 431//431 434//434 433//433
f 433//433 434//434 436//436
f 433//433 436//436 435//435
f 435//435 436//436 438//438
f 435//435 438//438 437//437
f 437//437 438//438 440//440
f 437//437 440//440 439//439
f 439//439 440//440 442//442
f 439//439 442//442 441//441
f 441//441 442//442 444//444
f 441//441 444//444 443//443
f 443//443 444//444 446//446
f 443//443 446//446 445//445
f 445//445 446//446 448//448
f 445//445 448//448 447//447
f 447//447 448//448 450//450
f 447//447 450//450 449//449
f 449//449 450//450 452//452
f 449//449 452//452 451//451
f 451//451 452//452 454//454
f 451//451 454//454 453//453
f 453//453 454//454 456//456
f 453//453 456//456 455//455
f 455//455 456//456 458//458
f 455//455 458//458 457//457
f 457//457 458//458 460//460
f 457//457 460//460 459//459
f 459//459 460//460 462//462
f 459//459 462//462 461//461
f 461//461 462//462 464//464
f 461//461 464//464 463//463
f 463//463 464//464 466//466
f 463//463 466//466 465//465
f 465//465 466//466 468//468
f 465//465 468//468 467//467
f 467//467 468//468 470//470
f 467//467 470//470 469//469
f 469//469 470//470 472//472
f 469//469 472//472 471//471
f 471//471 472//472 474//474
f 471//471 474//474 473//473
f 473//473 474//474 476//476
f 473//473 476//476 475//475
f 475//475 476//476 478//478
f 475//475 478//478 477//477
f 477//477 478//478 480//480
f 477//477 480//480 479//479
f 479//479 480//480 482//482
f 479//479 482//482 481//481
f 481//481 482//482 484//484
f 481//481 484//484 483//483
f 483//483 484//484 486//486
f 483//483 486//486 485//485
f 485//485 486//486 488//488
f 485//485 488//488 487//487
f 487//487 488//488 490//490
f 487//487 490//490 489//489
f 489//489 490//490 492//492
f 489//489 492//492 491//491
f 491//491 492//492 494//494
f 491//491 494//494 493//493
f 493//493 494//494 496//496
f 493//493 496//496 495//495
f 495//495 496//496 498//498
f 495//495 498//498 497//497
f 497//497 498//498 500//500
f 497//497 500//500 499//499
f 499//499 500//500 502//502
f 499//499 502//502 501//501
f 501//501 502//502 504//504
f 501//501 504//504 503//503
f 503//503 504//504 506//506
f 503//503 506//506 505//505
f 505//505 506//506 508//508
f 505//505 508//508 507//507
f 507//507 508//508 510//510
f 507//507 510//510 509//509
f 509//509 510//510 512//512
f 509//509 512//512 511//511
f 511//511 512//512 514//514
f 511//511 514//514 513//513
f 513//513 514//514 516//516
f 513//513 516//516 515//515
f 515//515 516//516 518//518
f 515//515 518//518 517//517
f 517//517 518//518 520//520
f 517//517 520//520 519//519
f 519//519 520//520 522//522
f 519//519 522//522 521//521
f 521//521 522//522 524//524
f 521//521 524//524 523//523
f 523//523 524//524 526//526
f 523//523 526//526 525//525
f 525//525 526//526 528//528
f 525//525 528//528 527//527
f 527//527 528//528 530//530
f 527//527 530//530 529//529
f 529//529 530//530 532//532
f 529//529 532//532 531//531
f 531//531 532//532 534//534
f 531//531 534//534 533//533
f 533//533 534//534 536//536
f 533//533 536//536 535//535
f 535//535 536//536 538//538
f 535//535 538//538 537//537
f 537//537 538//538 540//540
f 537//537 540//540 539//539
f 539//539 540//540 542//542
f 539//539 542//542 541//541
f 541//541 542//542 544//544
f 541//541 544//544 543//543
f 543//543 544//544 546//546
f 543//543 546//546 545//545
f 545//545 546//546 548//548
f 545//545 548//548 547//547
f 547//547 548//548 550//550
f 547//547 550//550 549//549
f 549//549 550//550 552//552
f 549//549 552//552 551//551
f 551//551 552//552 554//554
f 551//551 554//554 553//553
f 553//553 554//554 556//556
f 553//553 556//556 555//555
f 555//555 556//556 558//558
f 555//555 558//558 557//557
f 557//557 558//558 560//560
f 557//557 560//560 559//559
f 559//559 560//560 562//562
f 559//559 562//562 561//561
f 561//561 562//562 564//564
f 561//561 564//564 563//563
f 563//563 564//564 566//566
f 563//563 566//566 565//565
f 565//565 566//566 568//568
f 565//565 568//568 567//567
f 567//567 568//568 570//570
f 567//567 570//570 569//569
f 569//569 570//570 572//572
f 569//569 572//572 571//571
f 571//571 572//572 574//574
f 571//571 574//574 573//573
f 573//573 574//574 576//576
f 573//573 576//576 575//575
f 575//575 576//576 578//578
f 575//575 578//578 577//577
f 577//577 578//578 580//580
f 577//577 580//580 579//579
f 579//579 580//580 582//582
f 579//579 582//582 581//581
f 581//581 582//582 584//584
f 581//581 584//584 583//583
f 583//583 584//584 586//586
f 583//583 586//586 585//585
f 585//585 586//586 588//588
f 585//585 588//588 587//587
f 587//587 588//588 590//590
f 587//587 590//590 589//589
f 589//589 590//590 592//592
f 589//589 592//592 591//591
f 591//591 592//592 594//594
f 591//591 594//594 593//593
f 593//593 594//594 596//596
f 593//593 596//596 595//595
f 595//595 596//596 598//598
f 595//595 598//598 597//597
f 597//597 598//598 600//600
f 597//597 600//600 599//599
f 599//599 600//600 602//602
f 599//599 602//602 601//601
f 601//601 602//602 604//604
f 601//601 604//604 603//603
f 603//603 604//604 606//606
f 603//603 606//606 605//605
f 605//605 606//606 608//608
f 605//605 608//608 607//607
f 607//607 608//608 610//610
f 607//607 610//610 609//609
f 609//609 610//610 612//612
f 609//609 612//612 611//611
f 611//611 612//612 614//614
f 611//611 614//614 613//613
f 613//613 614//614 616//616
f 613//613 616//616 615//615
f 615//615 616//616 618//618
f 615//615 618//618 617//617
f 617//617 618//618 620//620
f 617//617 620//620 619//619
f 619//619 620//620 622//622
f 619//619 622//622 621//621
f 621//621 622//622 624//624
f 621//621 624//624 623//623
f 623//623 624//624 626//626
f 623//623 626//626 625//625
f 625//625 626//626 628//628
f 625//625 628//628 627//627
f 627//627 628//628 630//630
f 627//627 630//630 629//629
f 629//629 630//630 632//632
f 629//629 632//632 631//631
f 631//631 632//632 634//634
f 631//631 634//634 633//633
f 633//633 634//634 636//636
f 633//633 636//636 635//635
f 635//635 636//636 638//638
f 635//635 638//638 637//637
f 637//637 638//638 640//640
f 637//637 640//640 639//639
f 639//639 640//640 642//642
f 639//639 642//642 641//641
f 641//641 642//642 644//644
f 641//641 644//644 643//643
f 643//643 644//644 646//646
f 643//643 646//646 645//645
f 645//645 646//646 648//648
f 645//645 648//648 647//647
f 647//647 648//648 650//650
f 647//647 650//650 649//649
f 649//649 650//650 652//652
f 649//649 652//652 651//651
f 651//651 652//652 654//654
f 651//651 654//654 653//653
f 653//653 654//654 656//656
f 653//653 656//656 655//655
f 655//655 656//656 658//658
f 655//655 658//658 657//657
f 657//657 658//658 660//660
f 657//657 660//660 659//659
f 659//659 660//660 662//662
f 659//659 662//662 661//661
f 661//661 662//662 664//664
f 661//661 664//664 663//663
f 663//663 664//664 666//666
f 663//663 666//666 665//665
f 665//665 666//666 668//668
f 665//665 668//668 667//667
f 667//667 668//668 670//670
f 667//667 670//670 669//669
f 669//669 670//670 672//672
f 669//669 672//672 671//671
f 671//671 672//672 674//674
f 671//671 674//674 673//673
f 673//673 674//674 676//676
f 673//673 676//676 675//675
f 675//675 676//676 678//678
f 675//675 678//678 677//677
f 677//677 678//678 680//680
f 677//677 680//680 679//679
f 679//679 680//680 682//682
f 679//679 682//682 681//681
f 681//681 682//682 684//684
f 681//681 684//684 683//683
f 683//683 684//684 686//686
f 683//683 686//686 685//685
f 685//685 686//686 688//688
f 685//685 688//688 687//687
f 687//687 688//688 690//690
f 687//687 690//690 689//689
f 689//689 690//690 692//692
f 689//689 692//692 691//691
f 691//691 692//692 694//694
f 691//691 694//694 693//693
f 693//693 694//694 696//696
f 693//693 696//696 695//695
f 695//695 696//696 698//698
f 695//695 698//698 697//697
f 697//697 698//698 700//700
f 697//697 700//700 699//699
f 699//699 700//700 702//702
f 699//699 702//702 701//701
f 701//701 702//702 704//704
f 701//701 704//704 703//703
f 703//703 704//704 706//706
f 703//703 706//706 705//705
f 705//705 706//706 708//708
f 705//705 708//708 707//707
f 707//707 708//708 710//710
f 707//707 710//710 709//709
f 709//709 710//710 712//712
f 709//709 712//712 711//711
f 711//711 712//712 714//714
f 711//711 714//714 713//713
f 713//713 714//714 716//716
f 713//713 716//716 715//715
f 715//715 716//716 718//718
f 715//715 718//718 717//717
f 717//717 718//718 720//720
f 717//717 720//720 719//719
f 719//719 720//720 722//722
f 719//719 722//722 721//721
f 721//721 722//722 724//724
f 721//721 724//724 723//723
f 723//723 724//724 726//726
f 723//723 726//726 725//725
f 725//725 726//726 728//728
f 725//725 728//728 727//727
f 727//727 728//728 730//730
f 727//727 730//730 729//729
f 729//729 730//730 732//732
f 729//729 732//732 731//731
f 731//731 732//732 734//734
f 731//731 734//734 733//733
f 733//733 734//734 736//736
f 733//733 736//736 735//735
f 735//735 736//736 738//738
f 735//735 738//738 737//737
f 737//737 738//738 740//740
f 737//737 740//740 739//739
f 739//739 740//740 742//742
f 739//739 742//742 741//741
f 741//741 742//742 744//744
f 741//741 744//744 743//743
f 743//743 744//744 746//746
f 743//743 746//746 745//745
f 745//745 746//746 748//748
f 745//745 748//748 747//747
f 747//747 748//748 750//750
f 747//747 750//750 749//749
f 749//749 750//750 752//752
f 749//749 752//752 751//751
f 751//751 752//752 754//754
f 751//751 754//754 753//753
f 753//753 754//754 756//756
f 753//753 756//756 755//755
f 755//755 756//756 758//758
f 755//755 758//758 757//757
f 757//757 758//758 760//760
f 757//757 760//760 759//759
f 759//759 760//760 762//762
f 759//759 762//762 761//761
f 761//761 762//762 764//764
f 761//761 764//764 763//763
f 763//763 764//764 766//766
f 763//763 766//766 765//765
f 765//765 766//766 768//768
f 765//765 768//768 767//767
f 767//767 768//768 770//770
f 767//767 770//770 769//769
f 769//769 770//770 772//772
f 769//769 772//772 771//771
f 771//771 772//772 774//774
f 771//771 774//774 773//773
f 773//773 774//774 776//776
f 773//773 776//776 775//775
f 775//775 776//776 778//778
f 775//775 778//778 777//777
f 777//777 778//778 780//780
f 777//777 780//780 779//779
f 779//779 780//780 782//782
f 779//779 782//782 781//781
f 781//781 782//782 784//784
f 781//781 784//784 783//783
f 783//783 784//784 786//786
f 783//783 786//786 785//785
f 785//785 786//786 788//788
f 785//785 788//788 787//787
f 787//787 788//788 790//790
f 787//787 790//790 789//789
f 789//789 790//790 792//792
f 789//789 792//792 791//791
f 791//791 792//792 794//794
f 791//791 794//794 793//793
f 793//793 794//794 796//796
f 793//793 796//796 795//795
f 795//795 796//796 798//798
f 795//795 798//798 797//797
f 797//797 798//798 800//800
f 797//797 800//800 799//799
f 799//799 800//800 802//802
f 799//799 802//802 801//801
f 801//801 802//802 804//804
f 801//801 804//804 803//803
f 803//803 804//804 806//806
f 803//803 806//806 805//805
f 805//805 806//806 808//808
f 805//805 808//808 807//807
f 807//807 808//808 810//810
f 807//807 810//810 809//809
f 809//809 810//810 812//812
f 809//809 812//812 811//811
f 811//811 812//812 814//814
f 811//811 814//814 813//813
f 813//813 814//814 816//816
f 813//813 816//816 815//815
f 815//815 816//816 818//818
f 815//815 818//818 817//817
f 817//817 818//818 820//820
f 817//817 820//820 819//819
f 819//819 820//820 822//822
f 819//819 822//822 821//821
f 821//821 822//822 824//824
f 821//821 824//824 823//823
f 823//823 824//824 826//826
f 823//823 826//826 825//825
f 825//825 826//826 828//828
f 825//825 828//828 827//827
f 827//827 828//828 830//830
f 827//827 830//830 829//829
f 829//829 830//830 832//832
f 829//829 832//832 831//831
f 831//831 832//832 834//834
f 831//831 834//834 833//833
f 833//833 834//834 836//836
f 833//833 836//836 835//835
f 835//835 836//836 838//838
f 835//835 838//838 837//837
f 837//837 838//838 840//840
f 837//837 840//840 839//839
f 839//839 840//840 842//842
f 839//839 842//842 841//841
f 841//841 842//842 844//844
f 841//841 844//844 843//843
f 843//843 844//844 846//846
f 843//843 846//846 845//845
f 845//845 846//846 848//848
f 845//845 848//848 847//847
f 847//847 848//848 850//850
f 847//847 850//850 849//849
f 849//849 850//850 852//852
f 849//849 852//852 851//851
f 851//851 852//852 854//854
f 851//851 854//854 853//853
f 853//853 854//854 856//856
f 853//853 856//856 855//855
f 855//855 856//856 858//858
f 855//855 858//858 857//857
f 857//857 858//858 860//860
f 857//857 860//860 859//859
f 859//859 860//860 862//862
f 859//859 862//862 861//861
f 861//861 862//862 864//864
f 861//861 864//864 863//863
f 863//863 864//864 866//866
f 863//863 866//866 865//865
f 865//865 866//866 868//868
f 865//865 868//868 867//867
f 867//867 868//868 870//870
f 867//867 870//870 869//869
f 869//869 870//870 872//872
f 869//869 872//872 871//871
f 871//871 872//872 874//874
f 871//871 874//874 873//873
f 873//873 874//874 876//876
f 873//873 876//876 875//875
f 875//875 876//876 878//878
f 875//875 878//878 877//877
f 877//877 878//878 880//880
f 877//877 880//880 879//879
f 879//879 880//880 882//882
f 879//879 882//882 881//881
f 881//881 882//882 884//884
f 881//881 884//884 883//883
f 883//883 884//884 886//886
f 883//883 886//886 885//885
f 885//885 886//886 888//888
f 885//885 888//888 887//887
f 887//887 888//888 890//890
f 887//887 890//890 889//889
f 889//889 890//890 892//892
f 889//889 892//892 891//891
f 891//891 892//892 894//894
f 891//891 894//894 893//893
f 893//893 894//894 896//896
f 893//893 896//896 895//895
f 895//895 896//896 898//898
f 895//895 898//898 897//897
f 897//897 898//898 900//900
f 897//897 900//900 899//899
f 899//899 900//900 902//902
f 899//899 902//902 901//901
f 901//901 902//902 904//904
f 901//901 904//904 903//903
f 903//903 904//904 906//906
f 903//903 906//906 905//905
f 905//905 906//906 908//908
f 905//905 908//908 907//907
f 907//907 908//908 910//910
f 907//907 910//910 909//909
f 909//909 910//910 912//912
f 909//909 912//912 911//911
f 911//911 912//912 914//914
f 911//911 914//914 913//913
f 913//913 914//914 916//916
f 913//913 916//916 915//915
f 915//915 916//916 918//918
f 915//915 918//918 917//917
f 917//917 918//918 920//920
f 917//917 920//920 919//919
f 919//919 920//920 922//922
f 919//919 922//922 921//921
f 921//921 922//922 924//924
f 921//921 924//924 923//923
f 923//923 924//924 926//926
f 923//923 926//926 925//925
f 925//925 926//926 928//928
f 925//925 928//928 927//927
f 927//927 928//928 930//930
f 927//927 930//930 929//929
f 929//929 930//930 932//932
f 929//929 932//932 931//931
f 931//931 932//932 934//934
f 931//931 934//934 933//933
f 933//933 934//934 936//936
f 933//933 936//936 935//935
f 935//935 936//936 938//938
f 935//935 938//938 937//937
f 937//937 938//938 940//940
f 937//937 940//940 939//939
f 939//939 940//940 942//942
f 939//939 942//942 941//941
f 941//941 942//942 944//944
f 941//941 944//944 943//943
f 943//943 944//944 946//946
f 943//943 946//946 945//945
f 945//945 946//946 948//948
f 945//945 948//948 947//947
f 947//947 948//948 950//950
f 947//947 950//950 949//949
f 949//949 950//950 952//952
f 949//949 952//952 951//951
f 951//951 952//952 954//954
f 951//951 954//954 953//953
f 953//953 954//954 956//956
f 953//953 956//956 955//955
f 955//955 956//956 958//958
f 955//955 958//958 957//957
f 957//957 958//958 960//960
f 957//957 960//960 959//959
f 959//959 960//960 962//962
f 959//959 962//962 961//961
f 961//961 962//962 964//964
f 961//961 964//964 963//963
f 963//963 964//964 966//966
f 963//963 966//966 965//965
f 965//965 966//966 968//968
f 965//965 968//968 967//967
f 967//967 968//968 970//970
f 967//967 970//970 969//969
f 969//969 970//970 972//972
f 969//969 972//972 971//971
f 971//971 972//972 974//974
f 971//971 974//974 973//973
f 973//973 974//974 976//976
f 973//973 976//976 975//975
f 975//975 976//976 978//978
f 975//975 978//978 977//977
f 977//977 978//978 980//980
f 977//977 980//980 979//979
f 979//979 980//980 982//982
f 979//979 982//982 981//981
f 981//981 982//982 984//984
f 981//981 984//984 983//983
f 983//983 984//984 986//986
f 983//983 986//986 985//985
f 985//985 986//986 988//988
f 985//985 988//988 987//987
f 987//987 988//988 990//990
f 987//987 990//990 989//989
f 989//989 990//990 992//992
f 989//989 992//992 991//991
f 991//991 992//992 994//994
f 991//991 994//994 993//993
f 993//993 994//994 996//996
f 993//993 996//996 995//995
f 995//995 996//996 998//998
f 995//995 998//998 997//997
f 997//997 998//998 1000//1000
f 997//997 1000//1000 999//999
f 999//999 1000//1000 1002//1002
f 999//999 1002//1002 1001//1001
f 1001//1001 1002//1002 1004//1004
f 1001//1001 1004//1004 1003//1003
f 1003//1003 1004//1004 1006//1006
f 1003//1003 1006//1006 1005//1005
f 1005//1005 1006//1006 1008//1008
f 1005//1005 1008//1008 1007//1007
f 1007//1007 1008//1008 1010//1010
f 1007//1007 1010//1010 1009//1009
f 1009//1009 1010//1010 1012//1012
f 1009//1009 1012//1012 1011//1011
f 1011//1011 1012//1012 1014//1014
f 1011//1011 1014//1014 1013//1013
f 1013//1013 1014//1014 1016//1016
f 1013//1013 1016//1016 1015//1015
f 1015//1015 1016//1016 1018//1018
f 1015//1015 1018//1018 1017//1017
f 1017//1017 1018//1018 1020//1020
f 1017//1017 1020//1020 1019//1019
f 1019//1019 1020//1020 1022//1022
f 1019//1019 1022//1022 1021//1021
f 1021//1021 1022//1022 1024//1024
f 1021//1021 1024//1024 1023//1023
f 1023//1023 1024//1024 1026//1026
f 1023//1023 1026//1026 1025//1025
f 1025//1025 1026//1026 1028//1028
f 1025//1025 1028//1028 1027//1027
f 1027//1027 1028//1028 1030//1030
f 1027//1027 1030//1030 1029//1029
f 1029//1029 1030//1030 1032//1032
f 1029//1029 1032//1032 1031//1031
f 1031//1031 1032//1032 1034//1034
f 1031//1031 1034//1034 1033//1033
f 1033//1033 1034//1034 1036//1036
f 1033//1033 1036//1036 1035//1035
f 1035//1035 1036//1036 1038//1038
f 1035//1035 1038//1038 1037//1037
f 1037//1037 1038//1038 1040//1040
f 1037//1037 1040//1040 1039//1039
f 1039//1039 1040//1040 1042//1042
f 1039//1039 1042//1042 1041//1041
f 1041//1041 1042//1042 1044//1044
f 1041//1041 1044//1044 1043//1043
f 1043//1043 1044//1044 1046//1046
f 1043//1043 1046//1046 1045//1045
f 1045//1045 1046//1046 1048//1048
f 1045//1045 1048//1048 1047//1047
f 1047//1047 1048//1048 1050//1050
f 1047//1047 1050//1050 1049//1049
f 1049//1049 1050//1050 1052//1052
f 1049//1049 1052//1052 1051//1051
f 1051//1051 1052//1052 1054//1054
f 1051//1051 1054//1054 1053//1053
f 1053//1053 1054//1054 1056//1056
f 1053//1053 1056//1056 1055//1055
f 1055//1055 1056//1056 1058//1058
f 1055//1055 1058//1058 1057//1057
f 1057//1057 1058//1058 1060//1060
f 1057//1057 1060//1060 1059//1059
f 1059//1059 1060//1060 1062//1062
f 1059//1059 1062//1062 1061//1061
f 1061//1061 1062//1062 1064//1064
f 1061//1061 1064//1064 1063//1063
f 1063//1063 1064//1064 1066//1066
f 1063//1063 1066//1066 1065//1065
f 1065//1065 1066//1066 1068//1068
f 1065//1065 1068//1068 1067//1067
f 1067//1067 1068//1068 1070//1070
f 1067//1067 1070//1070 1069//1069
f 1069//1069 1070//1070 1072//1072
f 1069//1069 1072//1072 1071//1071
f 1071//1071 1072//1072 1074//1074
f 1071//1071 1074//1074 1073//1073
f 1073//1073 1074//1074 1076//1076
f 1073//1073 1076//1076 1075//1075
f 1075//1075 1076//1076 1078//1078
f 1075//1075 1078//1078 1077//1077
f 1077//1077 1078//1078 1080//1080
f 1077//1077 1080//1080 1079//1079
f 1079//1079 1080//1080 1082//1082
f 1079//1079 1082//1082 1081//1081
f 1081//1081 1082//1082 1084//1084
f 1081//1081 1084//1084 1083//1083
f 1083//1083 1084//1084 1086//1086
f 1083//1083 1086//1086 1085//1085
f 1085//1085 1086//1086 1088//1088
f 1085//1085 1088//1088 1087//1087
f 1087//1087 1088//1088 1090//1090
f 1087//1087 1090//1090 1089//1089
f 1089//1089 1090//1090 1092//1092
f 1089//1089 1092//1092 1091//1091
f 1091//1091 1092//1092 1094//1094
f 1091//1091 1094//1094 1093//1093
f 1093//1093 1094//1094 1096//1096
f 1093//1093 1096//1096 1095//1095
f 1095//1095 1096//1096 1098//1098
f 1095//1095 1098//1098 1097//1097
f 1097//1097 1098//1098 1100//1100
f 1097//1097 1100//1100 1099//1099
f 1099//1099 1100//1100 1102//1102
f 1099//1099 1102//1102 1101//1101
f 1101//1101 1102//1102 1104//1104
f 1101//1101 1104//1104 1103//1103
f 1103//1103 1104//1104 1106//1106
f 1103//1103 1106//1106 1105//1105
f 1105//1105 1106//1106 1108//1108
f 1105//1105 1108//1108 1107//1107
f 1107//1107 1108//1108 1110//1110
f 1107//1107 1110//1110 1109//1109
f 1109//1109 1110//1110 1112//1112
f 1109//1109 1112//1112 1111//1111
f 1111//1111 1112//1112 1114//1114
f 1111//1111 1114//1114 1113//1113
f 1113//1113 1114//1114 1116//1116
f 1113//1113 1116//1116 1115//1115
f 1115//1115 1116//1116 1118//1118
f 1115//1115 1118//1118 1117//1117
f 1117//1117 1118//1118 1120//1120
f 1117//1117 1120//1120 1119//1119
f 1119//1119 1120//1120 1122//1122
f 1119//1119 1122//1122 1121//1121
f 1121//1121 1122//1122 1124//1124
f 1121//1121 1124//1124 1123//1123
f 1123//1123 1124//1124 1126//1126
f 1123//1123 1126//1126 1125//1125
f 1125//1125 1126//1126 1128//1128
f 1125//1125 1128//1128 1127//1127
f 1127//1127 1128//1128 1130//1130
f 1127//1127 1130//1130 1129//1129
f 1129//1129 1130//1130 1132//1132
f 1129//1129 1132//1132 1131//1131
f 1131//1131 1132//1132 1134//1134
f 1131//1131 1134//1134 1133//1133
f 1133//1133 1134//1134 1136//1136
f 1133//1133 1136//1136 1135//1135
f 1135//1135 1136//1136 1138//1138
f 1135//1135 1138//1138 1137//1137
f 1137//1137 1138//1138 1140//1140
f 1137//1137 1140//1140 1139//1139
f 1139//1139 1140//1140 1142//1142
f 1139//1139 1142//1142 1141//1141
f 1141//1141 1142//1142 1144//1144
f 1141//1141 1144//1144 1143//1143
f 1143//1143 1144//1144 1146//1146
f 1143//1143 1146//1146 1145//1145
f 1145//1145 1146//1146 1148//1148
f 1145//1145 1148//1148 1147//1147
f 1147//1147 1148//1148 1150//1150
f 1147//1147 1150//1150 1149//1149
f 1149//1149 1150//1150 1152//1152
f 1149//1149 1152//1152 1151//1151
f 1151//1151 1152//1152 1154//1154
f 1151//1151 1154//1154 1153//1153
f 1153//1153 1154//1154 1156//1156
f 1153//1153 1156//1156 1155//1155
f 1155//1155 1156//1156 1158//1158
f 1155//1155 1158//1158 1157//1157
f 1157//1157 1158//1158 1160//1160
f 1157//1157 1160//1160 1159//1159
f 1159//1159 1160//1160 1162//1162
f 1159//1159 1162//1162 1161//1161
f 1161//1161 1162//1162 1164//1164
f 1161//1161 1164//1164 1163//1163
f 1163//1163 1164//1164 1166//1166
f 1163//1163 1166//1166 1165//1165
f 1165//1165 1166//1166 1168//1168
f 1165//1165 1168//1168 1167//1167
f 1167//1167 1168//1168 1170//1170
f 1167//1167 1170//1170 1169//1169
f 1169//1169 1170//1170 1172//1172
f 1169//1169 1172//1172 1171//1171
f 1171//1171 1172//1172 1174//1174
f 1171//1171 1174//1174 1173//1173
f 1173//1173 1174//1174 1176//1176
f 1173//1173 1176//1176 1175//1175
f 1175//1175 1176//1176 1178//1178
f 1175//1175 1178//1178 1177//1177
f 1177//1177 1178//1178 1180//1180
f 1177//1177 1180//1180 1179//1179
f 1179//1179 1180//1180 1182//1182
f 1179//1179 1182//1182 1181//1181
f 1181//1181 1182//1182 1184//1184
f 1181//1181 1184//1184 1183//1183
f 1183//1183 1184//1184 1186//1186
f 1183//1183 1186//1186 1185//1185
f 1185//1185 1186//1186 1188//1188
f 1185//1185 1188//1188 1187//1187
f 1187//1187 1188//1188 1190//1190
f 1187//1187 1190//1190 1189//1189
f 1189//1189 1190//1190 1192//1192
f 1189//1189 1192//1192 1191//1191
f 1191//1191 1192//1192 1194//1194
f 1191//1191 1194//1194 1193//1193
f 1193//1193 1194//1194 1196//1196
f 1193//1193 1196//1196 1195//1195
f 1195//1195 1196//1196 1198//1198
f 1195//1195 1198//1198 1197//1197
f 1197//1197 1198//1198 1200//1200
f 1197//1197 1200//1200 1199//1199
f 1199//1199 1200//1200 1202//1202
f 1199//1199 1202//1202 1201//1201
f 1201//1201 1202//1202 1204//1204
f 1201//1201 1204//1204 1203//1203
f 1203//1203 1204//1204 1206//1206
f 1203//1203 1206//1206 1205//1205
f 1205//1205 1206//1206 1208//1208
f 1205//1205 1208//1208 1207//1207
f 1207//1207 1208//1208 1210//1210
f 1207//1207 1210//1210 1209//1209
f 1209//1209 1210//1210 1212//1212
f 1209//1209 1212//1212 1211//1211
f 1211//1211 1212//1212 1214//1214
f 1211//1211 1214//1214 1213//1213
f 1213//1213 1214//1214 1216//1216
f 1213//1213 1216//1216 1215//1215
f 1215//1215 1216//1216 1218//1218
f 1215//1215 1218//1218 1217//1217
f 1217//1217 1218//1218 1220//1220
f 1217//1217 1220//1220 1219//1219
f 1219//1219 1220//1220 1222//1222
f 1219//1219 1222//1222 1221//1221
f 1221//1221 1222//1222 1224//1224
f 1221//1221 1224//1224 1223//1223
f 1223//1223 1224//1224 1226//1226
f 1223//1223 1226//1226 1225//1225
f 1225//1225 1226//1226 1228//1228
f 1225//1225 1228//1228 1227//1227
f 1227//1227 1228//1228 1230//1230
f 1227//1227 1230//1230 1229//1229
f 1229//1229 1230//1230 1232//1232
f 1229//1229 1232//1232 1231//1231
f 1231//1231 1232//1232 1234//1234
f 1231//1231 1234//1234 1233//1233
f 1233//1233 1234//1234 1236//1236
f 1233//1233 1236//1236 1235//1235
f 1235//1235 1236//1236 1238//1238
f 1235//1235 1238//1238 1237//1237
f 1237//1237 1238//1238 1240//1240
f 1237//1237 1240//1240 1239//1239
f 1239//1239 1240//1240 1242//1242
f 1239//1239 1242//1242 1241//1241
f 1241//1241 1242//1242 1244//1244
f 1241//1241 1244//1244 1243//1243
f 1243//1243 1244//1244 1246//1246
f 1243//1243 1246//1246 1245//1245
f 1245//1245 1246//1246 1248//1248
f 1245//1245 1248//1248 1247//1247
f 1247//1247 1248//1248 1250//1250
f 1247//1247 1250//1250 1249//1249
f 1249//1249 1250//1250 1252//1252
f 1249//1249 1252//1252 1251//1251
f 1251//1251 1252//1252 1254//1254
f 1251//1251 1254//1254 1253//1253
f 1253//1253 1254//1254 1256//1256
f 1253//1253 1256//1256 1255//1255
f 1255//1255 1256//1256 1258//1258
f 1255//1255 1258//1258 1257//1257
f 1257//1257 1258//1258 1260//1260
f 1257//1257 1260//1260 1259//1259
f 1259//1259 1260//1260 1262//1262
f 1259//1259 1262//1262 1261//1261
f 1261//1261 1262//1262 1264//1264
f 1261//1261 1264//1264 1263//1263
f 1263//1263 1264//1264 1266//1266
f 1263//1263 1266//1266 1265//1265
f 1265//1265 1266//1266 1268//1268
f 1265//1265 1268//1268 1267//1267
f 1267//1267 1268//1268 1270//1270
f 1267//1267 1270//1270 1269//1269
f 1269//1269 1270//1270 1272//1272
f 1269//1269 1272//1272 1271//1271
f 1271//1271 1272//1272 1274//1274
f 1271//1271 1274//1274 1273//1273
f 1273//1273 1274//1274 1276//1276
f 1273//1273 1276//1276 1275//1275
f 1275//1275 1276//1276 1278//1278
f 1275//1275 1278//1278 1277//1277
f 1277//1277 1278//1278 1280//1280
f 1277//1277 1280//1280 1279//1279
f 1279//1279 1280//1280 1282//1282
f 1279//1279 1282//1282 1281//1281
f 1281//1281 1282//1282 1284//1284
f 1281//1281 1284//1284 1283//1283
f 1283//1283 1284//1284 1286//1286
f 1283//1283 1286//1286 1285//1285
f 1285//1285 1286//1286 1288//1288
f 1285//1285 1288//1288 1287//1287
f 1287//1287 1288//1288 1290//1290
f 1287//1287 1290//1290 1289//1289
f 1289//1289 1290//1290 1292//1292
f 1289//1289 1292//1292 1291//1291
f 1291//1291 1292//1292 1294//1294
f 1291//1291 1294//1294 1293//1293
f 1293//1293 1294//1294 1296//1296
f 1293//1293 1296//1296 1295//1295
f 1295//1295 1296//1296 1298//1298
f 1295//1295 1298//1298 1297//1297
f 1297//1297 1298//1298 1300//1300
f 1297//1297 1300//1300 1299//1299
f 1299//1299 1300//1300 1302//1302
f 1299//1299 1302//1302 1301//1301
f 1301//1301 1302//1302 1304//1304
f 1301//1301 1304//1304 1303//1303
f 1303//1303 1304//1304 1306//1306
f 1303//1303 1306//1306 1305//1305
f 1305//1305 1306//1306 1308//1308
f 1305//1305 1308//1308 1307//1307
f 1307//1307 1308//1308 1310//1310
f 1307//1307 1310//1310 1309//1309
f 1309//1309 1310//1310 1312//1312
f 1309//1309 1312//1312 1311//1311
f 1311//1311 1312//1312 1314//1314
f 1311//1311 1314//1314 1313//1313
f 1313//1313 1314//1314 1316//1316
f 1313//1313 1316//1316 1315//1315
f 1315//1315 1316//1316 1318//1318
f 1315//1315 1318//1318 1317//1317
f 1317//1317 1318//1318 1320//1320
f 1317//1317 1320//1320 1319//1319
f 1319//1319 1320//1320 1322//1322
f 1319//1319 1322//1322 1321//1321
f 1321//1321 1322//1322 1324//1324
f 1321//1321 1324//1324 1323//1323
f 1323//1323 1324//1324 1326//1326
f 1323//1323 1326//1326 1325//1325
f 1325//1325 1326//1326 1328//1328
f 1325//1325 1328//1328 1327//1327
f 1327//1327 1328//1328 1330//1330
f 1327//1327 1330//1330 1329//1329
f 1329//1329 1330//1330 1332//1332
f 1329//1329 1332//1332 1331//1331
f 1331//1331 1332//1332 1334//1334
f 1331//1331 1334//1334 1333//1333
f 1333//1333 1334//1334 1336//1336
f 1333//1333 1336//1336 1335//1335
f 1335//1335 1336//1336 1338//1338
f 1335//1335 1338//1338 1337//1337
f 1337//1337 1338//1338 1340//1340
f 1337//1337 1340//1340 1339//1339
f 1339//1339 1340//1340 1342//1342
f 1339//1339 1342//1342 1341//1341
f 1341//1341 1342//1342 1344//1344
f 1341//1341 1344//1344 1343//1343
f 1343//1343 1344//1344 1346//1346
f 1343//1343 1346//1346 1345//1345
f 1345//1345 1346//1346 1348//1348
f 1345//1345 1348//1348 1347//1347
f 1347//1347 1348//1348 1350//1350
f 1347//1347 1350//1350 1349//1349
f 1349//1349 1350//1350 1352//1352
f 1349//1349 1352//1352 1351//1351
f 1351//1351 1352//1352 1354//1354
f 1351//1351 1354//1354 1353//1353
f 1353//1353 1354//1354 1356//1356
f 1353//1353 1356//1356 1355//1355
f 1355//1355 1356//1356 1358//1358
f 1355//1355 1358//1358 1357//1357
f 1357//1357 1358//1358 1360//1360
f 1357//1357 1360//1360 1359//1359
f 1359//1359 1360//1360 1362//1362
f 1359//1359 1362//1362 1361//1361
f 1361//1361 1362//1362 1364//1364
f 1361//1361 1364//1364 1363//1363
f 1363//1363 1364//1364 1366//1366
f 1363//1363 1366//1366 1365//1365
f 1365//1365 1366//1366 1368//1368
f 1365//1365 1368//1368 1367//1367
f 1367//1367 1368//1368 1370//1370
f 1367//1367 1370//1370 1369//1369
f 1369//1369 1370//1370 1372//1372
f 1369//1369 1372//1372 1371//1371
f 1371//1371 1372//1372 1374//1374
f 1371//1371 1374//1374 1373//1373
f 1373//1373 1374//1374 1376//1376
f 1373//1373 1376//1376 1375//1375
f 1375//1375 1376//1376 1378//1378
f 1375//1375 1378//1378 1377//1377
f 1377//1377 1378//1378 1380//1380
f 1377//1377 1380//1380 1379//1379
f 1379//1379 1380//1380 1382//1382
f 1379//1379 1382//1382 1381//1381
f 1381//1381 1382//1382 1384//1384
f 1381//1381 1384//1384 1383//1383
f 1383//1383 1384//1384 1386//1386
f 1383//1383 1386//1386 1385//1385
f 1385//1385 1386//1386 1388//1388
f 1385//1385 1388//1388 1387//1387
f 1387//1387 1388//1388 1390//1390
f 1387//1387 1390//1390 1389//1389
f 1389//1389 1390//1390 1392//1392
f 1389//1389 1392//1392 1391//1391
f 1391//1391 1392//1392 1394//1394
f 1391//1391 1394//1394 1393//1393
f 1393//1393 1394//1394 1396//1396
f 1393//1393 1396//1396 1395//1395
f 1395//1395 1396//1396 1398//1398
f 1395//1395 1398//1398 1397//1397
f 1397//1397 1398//1398 1400//1400
f 1397//1397 1400//1400 1399//1399
f 1399//1399 1400//1400 1402//1402
f 1399//1399 1402//1402 1401//1401
f 1401//1401 1402//1402 1404//1404
f 1401//1401 1404//1404 1403//1403
f 1403//1403 1404//1404 1406//1406
f 1403//1403 1406//1406 1405//1405
f 1405//1405 1406//1406 1408//1408
f 1405//1405 1408//1408 1407//1407
f 1407//1407 1408//1408 1410//1410
f 1407//1407 1410//1410 1409//1409
f 1409//1409 1410//1410 1412//1412
f 1409//1409 1412//1412 1411//1411
f 1411//1411 1412//1412 1414//1414
f 1411//1411 1414//1414 1413//1413
f 1413//1413 1414//1414 1416//1416
f 1413//1413 1416//1416 1415//1415
f 1415//1415 1416//1416 2//2
f 1415//1415 2//2 1//1
f 1233//1233 1229//1229 1231//1231
f 999//999 995//995 997//997
f 811//811 807//807 809//809
f 795//795 791//791 793//793
f 761//761 757//757 759//759
f 725//725 721//721 723//723
f 703//703 699//699 701//701
f 663//663 659//659 661//661
f 631//631 627//627 629//629
f 451//451 447//447 449//449
f 435//435 431//431 433//433
f 311//311 307//307 309//309
f 287//287 283//283 285//285
f 209//209 205//205 207//207
f 703//703 697//697 699//699
f 1234//1234 1232//1232 1230//1230
f 1000//1000 998//998 996//996
f 812//812 810//810 808//808
f 796//796 794//794 792//792
f 762//762 760//760 758//758
f 726//726 724//724 722//722
f 704//704 702//702 700//700
f 664//664 662//662 660//660
f 632//632 630//630 628//628
f 452//452 450//450 448//448
f 436//436 434//434 432//432
f 312//312 310//310 308//308
f 288//288 286//286 284//284
f 210//210 208//208 206//206
f 704//704 700//700 698//698
